kind,name,region,city,organizer,start,end,source,image,tags
artist,Pacita Abad,philippines,Manila,Silverlens,,,https://www.silverlensgalleries.com/artists/pacita-abad,https://www.silverlensgalleries.com/assets/artists/PACITA%20ABAD%2C%20A%20Slice%20of%20Life%20I%2C%202003%2C%20Oil%20on%20printed%20handmade%20paper%2C%20PA_SPI069.jpg,"contemporary art, gallery, southeast asia, philippines"
artist,Catalina Africa,philippines,Manila,Silverlens,,,https://www.silverlensgalleries.com/artists/catalina-africa,https://www.silverlensgalleries.com/assets/artists/CA%20THUMB.jpg,"contemporary art, gallery, southeast asia, philippines"
artist,Poklong Anading,philippines,Manila,Silverlens,,,https://www.silverlensgalleries.com/artists/poklong-anading,https://www.silverlensgalleries.com/assets/artists/POKLONG%20ANADING%2C%20mother%20of%20corals%2C%202025%2C%20UV%20print%20on%20aluminum%20%281of10%29%2C%20SLABPAN105.jpg,"contemporary art, gallery, southeast asia, philippines"
artist,Martha Atienza,philippines,Manila,Silverlens,,,https://www.silverlensgalleries.com/artists/martha-atienza,https://www.silverlensgalleries.com/assets/artists/BATANG_stills1.jpg,"contemporary art, gallery, southeast asia, philippines"
artist,Santiago Bose,philippines,Manila,Silverlens,,,https://www.silverlensgalleries.com/artists/santiago-bose,https://www.silverlensgalleries.com/assets/artists/Santiago%20Bose_Juan%20Tamad.jpg,"contemporary art, gallery, southeast asia, philippines"
artist,Frank Callaghan,philippines,Manila,Silverlens,,,https://www.silverlensgalleries.com/artists/frank-callaghan,https://www.silverlensgalleries.com/assets/artists/FRANK%20CALLAGHAN.jpg,"contemporary art, gallery, southeast asia, philippines"
artist,James Clar,philippines,Manila,Silverlens,,,https://www.silverlensgalleries.com/artists/james-clar,https://www.silverlensgalleries.com/assets/artists/DSCF4903%20JAME%20CLAR.png,"contemporary art, gallery, southeast asia, philippines"
artist,Chati Coronel,philippines,Manila,Silverlens,,,https://www.silverlensgalleries.com/artists/chati-coronel,https://www.silverlensgalleries.com/assets/artists/%28detail%29%20Light%20Fountain%2C%202024..jpg,"contemporary art, gallery, southeast asia, philippines"
artist,Nicole Coson,philippines,Manila,Silverlens,,,https://www.silverlensgalleries.com/artists/nicole-coson,https://www.silverlensgalleries.com/assets/artists/NICOLE%20COSON_ABB%205.jpeg,"contemporary art, gallery, southeast asia, philippines"
artist,Corinne de San Jose,philippines,Manila,Silverlens,,,https://www.silverlensgalleries.com/artists/corinne-de-san-jose,https://www.silverlensgalleries.com/assets/artists/621449539_18550188814008067_1141588032390674376_n.jpg,"contemporary art, gallery, southeast asia, philippines"
artist,Imelda Cajipe Endaya,philippines,Manila,Silverlens,,,https://www.silverlensgalleries.com/artists/imelda-cajipe-endaya,https://www.silverlensgalleries.com/assets/artists/IMELDA%20CAJIPE%20ENDAYA%2C%20Balabal%20ni%20Lola%20Minggay%2C%201995-1996%2C%20s_d%20lower%20left%20of%20mountain_breast%20from%20the%20center%20acrylic%20on%20assemblage%20and%20plaster-bonded%20textile%2C%20SPI_ICE119.jpg,"contemporary art, gallery, southeast asia, philippines"
artist,Keka Enriquez,philippines,Manila,Silverlens,,,https://www.silverlensgalleries.com/artists/keka-enriquez,https://www.silverlensgalleries.com/assets/artists/SPI-FE045-image.jpg,"contemporary art, gallery, southeast asia, philippines"
artist,Patricia Perez Eustaquio,philippines,Manila,Silverlens,,,https://www.silverlensgalleries.com/artists/patricia-perez-eustaquio,https://www.silverlensgalleries.com/assets/artists/PATRICIA%20PEREZ%20EUSTAQUIO%2C%20An%20Unraveling%20%28Conversation%20Among%20Ruins%2C%20After%20Amorsolo%29%2C%202019%2C%20digitally%20woven%20tapestry%20in%20cotton%20and%20wool%2C%20SPI_PE047.jpg,"contemporary art, gallery, southeast asia, philippines"
artist,Dina Gadia,philippines,Manila,Silverlens,,,https://www.silverlensgalleries.com/artists/dina-gadia,https://www.silverlensgalleries.com/assets/artists/DINA%20GADIA%2C%20Land%20Poetics%20%28Quality%20Container%29%2C%202024%2C%20acrylic%20on%20canvas%2C%20SPI_DG262.jpg,"contemporary art, gallery, southeast asia, philippines"
artist,Gregory Halili,philippines,Manila,Silverlens,,,https://www.silverlensgalleries.com/artists/gregory-halili,https://www.silverlensgalleries.com/assets/artists/GH-1.jpg,"contemporary art, gallery, southeast asia, philippines"
artist,Mit Jai Inn,philippines,Manila,Silverlens,,,https://www.silverlensgalleries.com/artists/mit-jai-inn,https://www.silverlensgalleries.com/assets/artists/Mit%20Jai%20Inn%20Silverlens%20New%20York%20detail%20shots%200005.jpg,"contemporary art, gallery, southeast asia, philippines"
artist,Geraldine Javier,philippines,Manila,Silverlens,,,https://www.silverlensgalleries.com/artists/geraldine-javier,https://www.silverlensgalleries.com/assets/artists/_J9A6736.jpg,"contemporary art, gallery, southeast asia, philippines"
artist,Pow Martinez,philippines,Manila,Silverlens,,,https://www.silverlensgalleries.com/artists/pow-martinez,https://www.silverlensgalleries.com/assets/artists/POW%20MARTINEZ%2C%202025%2C%20SLABPM474.jpg,"contemporary art, gallery, southeast asia, philippines"
artist,Wawi Navarroza,philippines,Manila,Silverlens,,,https://www.silverlensgalleries.com/artists/wawi-navarroza,https://www.silverlensgalleries.com/assets/artists/%C2%A9Wawi%20Navarroza%20-%20Triple-Tongued%20%28The%20Artist%20as%20Scholar%2C%20Self-Portrait%20as%20Ladino%29%20-%20PRESS%20%282%29.jpg,"contemporary art, gallery, southeast asia, philippines"
artist,Renato Orara,philippines,Manila,Silverlens,,,https://www.silverlensgalleries.com/artists/renato-orara,https://www.silverlensgalleries.com/assets/artists/EP_50_P.jpg,"contemporary art, gallery, southeast asia, philippines"
artist,Gina Osterloh,philippines,Manila,Silverlens,,,https://www.silverlensgalleries.com/artists/gina-osterloh,https://www.silverlensgalleries.com/assets/artists/01-Mirror-Woman-scaled.webp,"contemporary art, gallery, southeast asia, philippines"
artist,Bernardo Pacquing,philippines,Manila,Silverlens,,,https://www.silverlensgalleries.com/artists/bernardo-pacquing,https://www.silverlensgalleries.com/assets/artists/_J9A0385.jpg,"contemporary art, gallery, southeast asia, philippines"
artist,Gary-Ross Pastrana,philippines,Manila,Silverlens,,,https://www.silverlensgalleries.com/artists/gary-ross-pastrana,https://www.silverlensgalleries.com/assets/artists/THUMB%20GRP%201.png,"contemporary art, gallery, southeast asia, philippines"
artist,Hanna Pettyjohn,philippines,Manila,Silverlens,,,https://www.silverlensgalleries.com/artists/hanna-pettyjohn,https://www.silverlensgalleries.com/assets/artists/20251007%20HANNA%20PETTYJOHN%20What%20the%20mountain%20gave%20us%20004.jpg,"contemporary art, gallery, southeast asia, philippines"
artist,Stephanie Syjuco,philippines,Manila,Silverlens,,,https://www.silverlensgalleries.com/artists/stephanie-syjuco,https://www.silverlensgalleries.com/assets/artists/Cargo%20Cults%20%28Java%20Bunny%29.jpg,"contemporary art, gallery, southeast asia, philippines"
artist,Leo Valledor,philippines,Manila,Silverlens,,,https://www.silverlensgalleries.com/artists/leo-valledor,https://www.silverlensgalleries.com/assets/artists/ScaleShot_BetweenH%26E_0I2A0294.JPG,"contemporary art, gallery, southeast asia, philippines"
artist,Carlos Villa,philippines,Manila,Silverlens,,,https://www.silverlensgalleries.com/artists/carlos-villa,https://www.silverlensgalleries.com/assets/artists/CARLOS%20VILLA%2C%20Excavation%2C%201982%2C%20SLNY_CV048.jpg,"contemporary art, gallery, southeast asia, philippines"
artist,Ryan Villamael,philippines,Manila,Silverlens,,,https://www.silverlensgalleries.com/artists/ryan-villamael,https://www.silverlensgalleries.com/assets/artists/LON_4185.jpg,"contemporary art, gallery, southeast asia, philippines"
artist,Yee I-Lann,philippines,Manila,Silverlens,,,https://www.silverlensgalleries.com/artists/yee-i-lann,https://www.silverlensgalleries.com/assets/artists/YIL_PANGKIS_Still%20Option%202%20copy.jpg,"contemporary art, gallery, southeast asia, philippines"
artist,Eric Zamuco,philippines,Manila,Silverlens,,,https://www.silverlensgalleries.com/artists/eric-zamuco,https://www.silverlensgalleries.com/assets/artists/Image%20from%20Eric%20Zamuco%27s%20studio%2C%202025.jpg,"contemporary art, gallery, southeast asia, philippines"
artist,Abdi Setiawan,malaysia,Regional gallery,Gajah Gallery,,,https://gajahgallery.com/artist/abdi-setiawan/,,"contemporary art, gallery, southeast asia"
artist,Abyu Amanda,malaysia,Regional gallery,Gajah Gallery,,,https://gajahgallery.com/artist/abyu-amanda/,,"contemporary art, gallery, southeast asia"
artist,Affandi,malaysia,Regional gallery,Gajah Gallery,,,https://gajahgallery.com/artist/affandi/,,"contemporary art, gallery, southeast asia"
artist,Agnes Arellano,malaysia,Regional gallery,Gajah Gallery,,,https://gajahgallery.com/artist/agnes-arellano/,,"contemporary art, gallery, southeast asia"
artist,Agnes Hansella,malaysia,Regional gallery,Gajah Gallery,,,https://gajahgallery.com/artist/agnes-hansella/,,"contemporary art, gallery, southeast asia"
artist,Ahmad Zakii Anwar,malaysia,Regional gallery,Gajah Gallery,,,https://gajahgallery.com/artist/ahmad-zakii-anwar/,,"contemporary art, gallery, southeast asia"
artist,Alfredo Esquillo,malaysia,Regional gallery,Gajah Gallery,,,https://gajahgallery.com/artist/alfredo-esquillo/,,"contemporary art, gallery, southeast asia"
artist,Arin Dwihartanto Sunaryo,malaysia,Regional gallery,Gajah Gallery,,,https://gajahgallery.com/artist/arin-dwihartanto-sunaryo/,,"contemporary art, gallery, southeast asia"
artist,Arron Teo,malaysia,Regional gallery,Gajah Gallery,,,https://gajahgallery.com/artist/arron-teo/,,"contemporary art, gallery, southeast asia"
artist,Sara Abdu,saudi,Jeddah,ATHR Gallery,,,https://athrart.com/artists/33-/biography/,"https://static-assets.artlogic.net/w_800,h_800,c_limit,f_auto,fl_lossy,q_auto/ws-artlogicwebsite2195/usr/images/artists/artwork_image_for_artists_page/items/7c/7cc798f4e7814f138f93d00fd5d17be2/sab0164-image.jpg","contemporary art, gallery, saudi"
artist,Sarah Abu Abdallah,saudi,Jeddah,ATHR Gallery,,,https://athrart.com/artists/34-sarah-abu-abdallah/biography/,"https://static-assets.artlogic.net/w_800,h_800,c_limit,f_auto,fl_lossy,q_auto/ws-artlogicwebsite2195/usr/images/artists/artwork_image_for_artists_page/items/82/8244755bf0d14bddb505453b991d55b8/sara-abu-abdullah_multitude_2022.jpg","contemporary art, gallery, saudi"
artist,Ahaad Alamoudi,saudi,Jeddah,ATHR Gallery,,,https://athrart.com/artists/30-/biography/,"https://static-assets.artlogic.net/w_800,h_800,c_limit,f_auto,fl_lossy,q_auto/ws-artlogicwebsite2195/usr/images/artists/artwork_image_for_artists_page/items/47/4789df09756347818ecb08aa6012976d/16.jpg","contemporary art, gallery, saudi"
artist,Hatem Al Ahmad,saudi,Jeddah,ATHR Gallery,,,https://athrart.com/artists/66-hatem-al-ahmad/biography/,"https://static-assets.artlogic.net/w_800,h_800,c_limit,f_auto,fl_lossy,q_auto/ws-artlogicwebsite2195/usr/images/artists/artwork_image_for_artists_page/items/37/37b5e2c6f6d0460cb3c7882fdbbc9a3b/1.jpg","contemporary art, gallery, saudi"
artist,Abdullah Al Othman,saudi,Jeddah,ATHR Gallery,,,https://athrart.com/artists/65-abdullah-al-othman/biography/,,"contemporary art, gallery, saudi"
artist,Mohammad Alfaraj,saudi,Jeddah,ATHR Gallery,,,https://athrart.com/artists/35-mohammad-alfaraj/biography/,"https://static-assets.artlogic.net/w_800,h_800,c_limit,f_auto,fl_lossy,q_auto/ws-artlogicwebsite2195/usr/images/artists/artwork_image_for_artists_page/items/4d/4d24b6b1d4974d459e0177d8aa485de0/maf0221-image.jpg","contemporary art, gallery, saudi"
artist,Zahrah Alghamdi,saudi,Jeddah,ATHR Gallery,,,https://athrart.com/artists/36-zahrah-alghamdi/biography/,"https://static-assets.artlogic.net/w_800,h_800,c_limit,f_auto,fl_lossy,q_auto/ws-artlogicwebsite2195/usr/images/artists/artwork_image_for_artists_page/items/c9/c92867b8e3a846319313baf492ee3a5c/mk403766.jpg","contemporary art, gallery, saudi"
artist,Daniah Alsaleh,saudi,Jeddah,ATHR Gallery,,,https://athrart.com/artists/37-daniah-alsaleh/biography/,"https://static-assets.artlogic.net/w_800,h_800,c_limit,f_auto,fl_lossy,q_auto/ws-artlogicwebsite2195/usr/images/artists/artwork_image_for_artists_page/items/96/96a934799240422fa84f0b6d0ff042f7/das0031-image.jpg","contemporary art, gallery, saudi"
artist,Abdulrahman AlSoliman,saudi,Jeddah,ATHR Gallery,,,https://athrart.com/artists/68-abdulrahman-alsoliman/biography/,"https://static-assets.artlogic.net/w_800,h_800,c_limit,f_auto,fl_lossy,q_auto/ws-artlogicwebsite2195/usr/images/artists/artwork_image_for_artists_page/items/be/be2befcbeba54be58b1af96302be3d89/abdulrahman-alsuliman.png","contemporary art, gallery, saudi"
artist,Asma Bahmim,saudi,Jeddah,ATHR Gallery,,,https://athrart.com/artists/39-asma-bahmim/biography/,"https://static-assets.artlogic.net/w_800,h_800,c_limit,f_auto,fl_lossy,q_auto/ws-artlogicwebsite2195/usr/images/artists/artwork_image_for_artists_page/items/79/7958d70ba1bd41238770a43142ce4e1e/mk409773.jpg","contemporary art, gallery, saudi"
artist,Sultan Bin Fahad,saudi,Jeddah,ATHR Gallery,,,https://athrart.com/artists/31-sultan-bin-fahad/biography/,"https://static-assets.artlogic.net/w_800,h_800,c_limit,f_auto,fl_lossy,q_auto/ws-artlogicwebsite2195/usr/images/artists/artwork_image_for_artists_page/items/03/03122b71532f4d9aba1bdc290aa59076/sbf0082-image.jpg","contemporary art, gallery, saudi"
artist,Ayman Yossri Daydban,saudi,Jeddah,ATHR Gallery,,,https://athrart.com/artists/40-ayman-yossri-daydban/biography/,"https://static-assets.artlogic.net/w_800,h_800,c_limit,f_auto,fl_lossy,q_auto/ws-artlogicwebsite2195/usr/images/artists/artwork_image_for_artists_page/items/c1/c1dbf91cd4b6473b877fddf368fdad34/ayd0624-image.jpg","contemporary art, gallery, saudi"
artist,Rami Farook,saudi,Jeddah,ATHR Gallery,,,https://athrart.com/artists/41-/biography/,"https://static-assets.artlogic.net/w_800,h_800,c_limit,f_auto,fl_lossy,q_auto/ws-artlogicwebsite2195/usr/images/artists/artwork_image_for_artists_page/items/ce/ce8e660ba2274f80a0931d638279383a/raf0024-image.jpg","contemporary art, gallery, saudi"
artist,Basmah Felemban,saudi,Jeddah,ATHR Gallery,,,https://athrart.com/artists/42-basmah-felemban/biography/,"https://static-assets.artlogic.net/w_800,h_800,c_limit,f_auto,fl_lossy,q_auto/ws-artlogicwebsite2195/usr/images/artists/artwork_image_for_artists_page/items/12/12dc18bab4e049029a6ca2d9eda16cd9/baf0040-image.jpg","contemporary art, gallery, saudi"
artist,Dr. Ahmed Mater,saudi,Jeddah,ATHR Gallery,,,https://athrart.com/artists/32-dr.-ahmed-mater/biography/,"https://static-assets.artlogic.net/w_800,h_800,c_limit,f_auto,fl_lossy,q_auto/ws-artlogicwebsite2195/usr/images/artists/artwork_image_for_artists_page/items/7b/7bc2a7501b7e41f0928dbc83ed5d0448/ahm0304-image.jpg","contemporary art, gallery, saudi"
artist,Mounirah Mosly,saudi,Jeddah,ATHR Gallery,,,https://athrart.com/artists/67-mounirah-mosly/biography/,"https://static-assets.artlogic.net/w_800,h_800,c_limit,f_auto,fl_lossy,q_auto/ws-artlogicwebsite2195/usr/images/artists/artwork_image_for_artists_page/items/53/53362cb9c8694fcfab0ddec5b40e0169/themuralthecity.jpg","contemporary art, gallery, saudi"
artist,Muhannad Shono,saudi,Jeddah,ATHR Gallery,,,https://athrart.com/artists/44-muhannad-shono/biography/,"https://static-assets.artlogic.net/w_800,h_800,c_limit,f_auto,fl_lossy,q_auto/ws-artlogicwebsite2195/usr/images/artists/artwork_image_for_artists_page/items/0d/0db2f4905d2c441aa5e9f97c6892e5d9/msh0186-image.jpg","contemporary art, gallery, saudi"
event,Water as a Common Ground: Notes from a Majlis,uae,Dubai,Jameel Arts Centre,2026-11-07,2026-11-07,https://jameelartscentre.org/whats-on/water-as-common-ground-a-majlis/,https://jameelartscentre.org/wp-content/uploads/2024/04/image01_1100x500_acf_cropped-1-560x400.jpg,"art event, uae, culture, jameel arts centre"
event,"Waterlands, Elemental Dreams",uae,Dubai,Jameel Arts Centre,2026-11-08,2026-11-08,https://jameelartscentre.org/whats-on/waterlands-elemental-dreams/,https://jameelartscentre.org/wp-content/uploads/2026/10/13-Video-still_candle-rock_2025-560x400.jpg,"art event, uae, culture, jameel arts centre"
event,Writing Workshop: When Artists Write,uae,Dubai,Jameel Arts Centre,2026-10-17,2026-10-31,https://jameelartscentre.org/whats-on/writing-workshop-when-artists-write/,https://jameelartscentre.org/wp-content/uploads/2026/10/When-Artists-Write-Whats-On-Banner-aspect-ratio-0-0-560x400.jpg,"workshop, uae, culture, jameel arts centre"
event,Artist’s Room: Walid Siti,uae,Dubai,Jameel Arts Centre,2026-09-20,2027-01-31,https://jameelartscentre.org/whats-on/artists-rooms-walid-siti/,https://jameelartscentre.org/wp-content/uploads/2026/08/14-from-the-war-series-1988.IMG_9612-1-aspect-ratio-1431-1502-560x400.jpg,"exhibition, uae, culture, jameel arts centre"
event,Artist’s Room: Shezad Dawood,uae,Dubai,Jameel Arts Centre,2026-09-20,2027-01-31,https://jameelartscentre.org/whats-on/artists-rooms-shezad-dawood/,https://jameelartscentre.org/wp-content/uploads/2026/06/Copy-of-Dream-Machine-Film-Still-3-high-560x400.jpg,"exhibition, uae, culture, jameel arts centre"
event,Artist’s Room: Lulua Alyahya,uae,Dubai,Jameel Arts Centre,2026-09-20,2027-01-31,https://jameelartscentre.org/whats-on/artists-rooms-lulua-alyahya/,https://jameelartscentre.org/wp-content/uploads/2026/07/Courtesy-of-the-Artist-and-ATHR-Gallery.-Photo-by-Abdallah-bin-Salem-1-1-aspect-ratio-1167-887-560x400.jpg,"exhibition, uae, culture, jameel arts centre"
event,"Film – Shezad Dawood, The New Dream Machine Project",uae,Dubai,Jameel Arts Centre,2026-09-19,2026-11-01,https://jameelartscentre.org/whats-on/film-shezad-dawood-the-new-dream-machine-project/,https://jameelartscentre.org/wp-content/uploads/2026/09/Copy-of-Dream-Machine-Film-Still-4-2011-high-1-aspect-ratio-1920-822-560x400.jpg,"art event, uae, culture, jameel arts centre"
event,Artist-Led Masterclass: A Deeper Encounter with the Art Jameel Collection,uae,Dubai,Jameel Arts Centre,2026-10-31,2026-11-01,https://jameelartscentre.org/whats-on/artist-led-session-a-deeper-encounter-with-the-art-jameel-collection/,https://jameelartscentre.org/wp-content/uploads/2026/08/Gemini_Generated_Image_tgj8eftgj8eftgj8-aspect-ratio-1440-943-560x400.jpg,"workshop, uae, culture, jameel arts centre"
event,Library Circles: Rend Beiruti,uae,Dubai,Jameel Arts Centre,2026-09-16,2027-01-11,https://jameelartscentre.org/whats-on/library-circles-rend-beiruti/,https://jameelartscentre.org/wp-content/uploads/2026/08/082026_LC_RendBeiruti_Whatson_UPDATED-560x400.png,"art event, uae, culture, jameel arts centre"
event,"Family Sundays at the Jameel: Shapes, Stories and Memories",uae,Dubai,Jameel Arts Centre,2026-11-01,2026-11-01,https://jameelartscentre.org/whats-on/family-sundays-at-the-jameel/,https://jameelartscentre.org/wp-content/uploads/2026/08/IMG_1306-560x400.jpeg,"workshop, uae, culture, jameel arts centre"
event,The Making Mind at Jameel Arts Centre,uae,Dubai,Jameel Arts Centre,2026-09-11,2027-06-25,https://jameelartscentre.org/whats-on/the-making-mind-at-jameel-arts-centre/,https://jameelartscentre.org/wp-content/uploads/2026/08/TMM-BANNER-1100x500.jpg-1-560x400.jpeg,"workshop, uae, culture, jameel arts centre"
event,Salah Elmur: Just as the Heart of a Mango is a Stone,uae,Dubai,Jameel Arts Centre,2026-10-31,2027-03-14,https://jameelartscentre.org/whats-on/salah-elmur/,https://jameelartscentre.org/wp-content/uploads/2025/12/Whatson-08-2-560x400.jpg,"exhibition, uae, culture, jameel arts centre"
event,Artists’ Rooms: Kamruzzaman Shadhin,uae,Dubai,Jameel Arts Centre,2026-03-30,2026-11-01,https://jameelartscentre.org/whats-on/35561/,https://jameelartscentre.org/wp-content/uploads/2025/12/Copy-of-_MRC3769-Modifica-2-1-aspect-ratio-1440-1187-560x400.jpg,"exhibition, uae, culture, jameel arts centre"
event,Playscape: I Dreamt of a City Everyone Calls Home,uae,Dubai,Jameel Arts Centre,2023-11-25,2027-05-31,https://jameelartscentre.org/whats-on/playscape/,https://jameelartscentre.org/wp-content/uploads/2023/11/COLLAGE-1-2-aspect-ratio-2372-1338-560x400.jpg,"art event, uae, culture, jameel arts centre"
event,Opening Talk—Salah Elmur: Just as the Heart of a Mango is a Stone,uae,Dubai,Jameel Arts Centre,2026-10-31,2026-10-31,https://jameelartscentre.org/whats-on/opening-talk-salah-elmur-just-as-the-heart-of-a-mango-is-a-stone/,https://jameelartscentre.org/wp-content/uploads/2026/10/Title-Fire-Behind-The-Mountain-Size200x235cm.tif-Year2025-1-aspect-ratio-1920-847-560x400.jpeg,"art event, uae, culture, jameel arts centre"
event,Night School 2027: Afterimage,uae,Dubai,Jameel Arts Centre,2027-01-07,2027-01-28,https://jameelartscentre.org/whats-on/night-school-2027-afterimage/,https://jameelartscentre.org/wp-content/uploads/2026/09/2026_Nightschool_Banner-02-560x400.png,"art event, uae, culture, jameel arts centre"
event,Afrah Shafiq: Nobody Knows For Certain,uae,Dubai,Jameel Arts Centre,2026-11-12,2027-04-25,https://jameelartscentre.org/whats-on/nobody-knows-for-certain-afrah-shafiq/,https://jameelartscentre.org/wp-content/uploads/2026/09/afrah3-aspect-ratio-1523-712-560x400.jpg,"art event, uae, culture, jameel arts centre"
event,Educators Circle: Teaching Artist Workshop and Studio Visit with Chafa Ghaddar,uae,Dubai,Jameel Arts Centre,2026-11-08,2026-11-08,https://jameelartscentre.org/whats-on/educators-circle-the-teaching-artist-with-chafa-ghaddar/,https://jameelartscentre.org/wp-content/uploads/2026/08/DSC08744-560x400.jpg,"workshop, uae, culture, jameel arts centre"
event,Children’s Workshop: Storytelling and World Building with ambi,uae,Dubai,Jameel Arts Centre,2026-10-11,2026-10-11,https://jameelartscentre.org/whats-on/childrens-workshop-storytelling-and-world-building-with-ambi/,https://jameelartscentre.org/wp-content/uploads/2026/08/05_UK_Summer-560x400.jpg,"workshop, uae, culture, jameel arts centre"
event,Artist’s Room: Bani Abidi,uae,Dubai,Jameel Arts Centre,2026-11-13,2027-04-25,https://jameelartscentre.org/whats-on/37256/,https://jameelartscentre.org/wp-content/uploads/2026/08/image-1-560x400.jpg,"exhibition, uae, culture, jameel arts centre"
event,Family Sundays at the Jameel: Best of 2026!,uae,Dubai,Jameel Arts Centre,2026-12-27,2026-12-27,https://jameelartscentre.org/whats-on/family-sundays-at-the-jameel-best-of-2026/,https://jameelartscentre.org/wp-content/uploads/2026/08/IMG_8460-560x400.jpg,"workshop, uae, culture, jameel arts centre"
event,Children’s Workshop: Surreal Subjects,uae,Dubai,Jameel Arts Centre,2026-12-12,2026-12-12,https://jameelartscentre.org/whats-on/childrens-workshop-surreal-subjects/,https://jameelartscentre.org/wp-content/uploads/2026/08/IMG_1494-1-aspect-ratio-1920-806-560x400.jpeg,"workshop, uae, culture, jameel arts centre"
event,Artist’s Garden: Amphibious Timelapse by the Rice Brewing Sisters Club,uae,Dubai,Jameel Arts Centre,2026-11-07,2028-09-27,https://jameelartscentre.org/whats-on/artists-garden-amphibious-timelapse-by-the-rice-brewing-sisters-club/,https://jameelartscentre.org/wp-content/uploads/2026/07/클로징퍼포먼스_수정_201207.00_08_59_23.Still003-560x400.jpg,"art event, uae, culture, jameel arts centre"
event,Down to Earth 2026,uae,Dubai,Jameel Arts Centre,2026-11-14,2026-11-15,https://jameelartscentre.org/whats-on/down-to-earth-2026/,https://jameelartscentre.org/wp-content/uploads/2026/06/Down-to-Earth-2025.-Courtesy-of-Art-Jameel.-Photography-by-Entitled-Studio_172-1-aspect-ratio-1280-619-560x400.jpg,"festival, uae, culture, jameel arts centre"
event,Hayy Makers | Woodworking Course (Level 2) with Ahmad Sofi,saudi,Jeddah,Hayy Jameel,2026-10-25,2026-10-28,https://hayyjameel.org/whats-on/hayy-makers-woodworking-course-level-2-with-ahmad-sofi-3/,https://hayyjameel.org/wp-content/uploads/2026/08/Table-1-scaled-aspect-ratio-1585-810-2-560x400.jpg,"art event, saudi, culture, hayy jameel"
event,Hayy Markets | Luqta Market: Pre-Loved Pop-Up,saudi,Jeddah,Hayy Jameel,2026-10-07,2026-10-11,https://hayyjameel.org/whats-on/hayy-markets-luqta-market-pre-loved-pop-up/,https://hayyjameel.org/wp-content/uploads/2026/10/DSC01033-560x400.jpg,"art event, saudi, culture, hayy jameel"
event,Jameel Library | Opening Programme: At the Edge of Renewal with the Khaleeji Women’s Library and Archive,saudi,Jeddah,Hayy Jameel,2026-10-08,2027-04-10,https://hayyjameel.org/whats-on/jameel-library-opening-programme-at-the-edge-of-renewal-with-the-khaleeji-womens-library-and-archive/,https://hayyjameel.org/wp-content/uploads/2026/10/202610_ATER_Banner-560x400.png,"workshop, saudi, culture, hayy jameel"
event,Hayy Cinema | October 2026,saudi,Jeddah,Hayy Jameel,2026-10-07,2026-10-31,https://hayyjameel.org/whats-on/hayy-cinema-october2026/,https://hayyjameel.org/wp-content/uploads/2026/09/la-traversee-1-1-2560x-q85-560x400.jpg,"art event, saudi, culture, hayy jameel"
event,Hayy Cinema x Hayy Arts | Between Destinations: Short Films & Artist Discussion,saudi,Jeddah,Hayy Jameel,2026-10-08,2026-10-08,https://hayyjameel.org/whats-on/hcxha-betweendestinations-shortsdiscussion/,https://hayyjameel.org/wp-content/uploads/2026/09/Artist1-Ustad-Abdul-Aziz-560x400.jpg,"art event, saudi, culture, hayy jameel"
event,Hayy Makers | Open Day: Plastic Cap Mural,saudi,Jeddah,Hayy Jameel,2026-10-28,2026-10-28,https://hayyjameel.org/whats-on/hayy-makers-open-day-plastic-cap-mural/,https://hayyjameel.org/wp-content/uploads/2026/09/IMG-6538-scaled-aspect-ratio-1688-783-560x400.jpg,"art event, saudi, culture, hayy jameel"
event,Hayy Makers | Woodworking Course (Level 1) with Ahmad Sofi,saudi,Jeddah,Hayy Jameel,2026-10-10,2026-10-12,https://hayyjameel.org/whats-on/hayy-makers-woodworking-course-level-1-with-ahmad-sofi-4/,https://hayyjameel.org/wp-content/uploads/2026/08/DSC02024-1-scaled-aspect-ratio-1710-1579-560x400.jpg,"workshop, saudi, culture, hayy jameel"
event,"Hayy Sounds | Red Wind, Sonic Residues Music Symposium",saudi,Jeddah,Hayy Jameel,2026-10-22,2026-10-24,https://hayyjameel.org/whats-on/hayy-sounds-red-wind-sonic-residues-music-symposium-en/,https://hayyjameel.org/wp-content/uploads/2026/09/3-scaled-aspect-ratio-2538-1280-560x400.png,"art event, saudi, culture, hayy jameel"
event,Hayy Makers | Creative Night: Create in Pink,saudi,Jeddah,Hayy Jameel,2026-10-22,2026-10-22,https://hayyjameel.org/whats-on/hayy-makers-creative-night-create-in-pink/,https://hayyjameel.org/wp-content/uploads/2026/09/annie-spratt-HB-Kf9WLy_0-unsplash-scaled-aspect-ratio-2560-1349-1-560x400.jpg,"art event, saudi, culture, hayy jameel"
event,Hayy Makers | Silkscreen Printing Masterclass With Ziad Yousef,saudi,Jeddah,Hayy Jameel,2026-10-04,2026-10-08,https://hayyjameel.org/whats-on/hayy-makers-introduction-to-silkscreen-printing-with-ziad-yousef/,https://hayyjameel.org/wp-content/uploads/2026/09/2018-03-16-14-55-23-2_orig-560x400.jpg,"art event, saudi, culture, hayy jameel, workshop"
event,Hayy Arts | Made With Your Magic – Jeddah,saudi,Jeddah,Hayy Jameel,2026-11-25,2027-04-12,https://hayyjameel.org/whats-on/hayy-arts-made-with-your-magic-jeddah/,https://hayyjameel.org/wp-content/uploads/2026/09/202609_MWYM_Banner_Final-560x400.png,"exhibition, saudi, culture, hayy jameel"
event,Open Call: Be a Part of Hayy Matsuri,saudi,Jeddah,Hayy Jameel,2026-09-12,2026-10-10,https://hayyjameel.org/whats-on/open-call-be-a-part-of-hayy-matsuri/,https://hayyjameel.org/wp-content/uploads/2026/09/DSC09319-scaled-aspect-ratio-2477-1266-560x400.jpg,"art event, saudi, culture, hayy jameel"
event,"Hayy Sounds | Listening Stations, Part of the Exhibition ‘Red Wind, Coral Worlds’",saudi,Jeddah,Hayy Jameel,2026-09-24,2026-10-26,https://hayyjameel.org/whats-on/hayy-sounds-listening-stations-part-of-the-exhibition-red-wind-coral-worlds/,https://hayyjameel.org/wp-content/uploads/2026/09/DSC08824-scaled-aspect-ratio-2560-1370-560x400.jpg,"art event, saudi, culture, hayy jameel"
event,Hayy Explorers | Recess Showcase: Time Reflected on Water,saudi,Jeddah,Hayy Jameel,2026-09-12,2026-10-17,https://hayyjameel.org/whats-on/recess-showcase-time-reflected-on-water/,https://hayyjameel.org/wp-content/uploads/2026/09/DSC04569-560x400.jpg,"exhibition, saudi, culture, hayy jameel"
event,"Hayy Arts | From Another Angle, explore contemporary art with alternative exhibition tours",saudi,Jeddah,Hayy Jameel,2026-08-12,2026-10-26,https://hayyjameel.org/whats-on/hayy-arts-from-another-angel-explore-contemporary-art-with-alternative-exhibition-tours/,https://hayyjameel.org/wp-content/uploads/2026/08/DSC00522-560x400.jpg,"art event, saudi, culture, hayy jameel"
event,"Hayy Arts | Red Wind, Coral Worlds",saudi,Jeddah,Hayy Jameel,2026-05-20,2026-10-26,https://hayyjameel.org/whats-on/hayy-arts-red-wind-coral-worlds/,https://hayyjameel.org/wp-content/uploads/2026/04/Web-banner-560x400.png,"exhibition, saudi, culture, hayy jameel"
event,Hayy Arts | Global Positioning System,saudi,Jeddah,Hayy Jameel,2026-05-20,2026-10-26,https://hayyjameel.org/whats-on/hayy-arts-global-positioning-system/,https://hayyjameel.org/wp-content/uploads/2026/05/GPS_Banner_Hayy-1-560x400.jpg,"exhibition, saudi, culture, hayy jameel"
event,"Hayy Jameel Façade Commission | Awnings, Awnings, Awnings by Bricklab",saudi,Jeddah,Hayy Jameel,2026-10-08,2026-10-08,https://hayyjameel.org/whats-on/hayy-arts-opening-programme-hayy-jameel-facade-commission-2026-with-bricklab/,https://hayyjameel.org/wp-content/uploads/2026/05/DSC00306-aspect-ratio-1416-761-560x400.jpg,"art event, saudi, culture, hayy jameel"
event,JYL Art Award Jury Members,saudi,Jeddah,Hayy Jameel,2026-10-08,2026-10-08,https://hayyjameel.org/whats-on/jyl-art-award-jury-members/,https://hayyjameel.org/wp-content/uploads/2025/10/JYL-05-1-560x400.jpg,"art event, saudi, culture, hayy jameel"
event,Hayy Arts | Bricklab and Alaa Tarabzouni Announced as Recipients of the 2026 and 2027 Hayy Jameel Façade Commission Open Calls,saudi,Jeddah,Hayy Jameel,2026-10-08,2026-10-08,https://hayyjameel.org/whats-on/bricklab-2025-2026-and-alaa-tarabzouni-2026-2027-awarded-the-upcoming-hayy-jameel-facade-commission-open-calls/,https://hayyjameel.org/wp-content/uploads/2025/10/1-560x400.png,"art event, saudi, culture, hayy jameel"
event,"Hayy Sounds, in Collaboration With Saudi Music Hub, Presents Monthly Learning Sessions",saudi,Jeddah,Hayy Jameel,2026-10-08,2026-10-08,https://hayyjameel.org/whats-on/hayy-sounds-in-collaboration-with-the-saudi-music-hub-brings-you-one-step-closer-to-music-education-and-exploration-with-monthly-workshops/,https://hayyjameel.org/wp-content/uploads/2025/06/3969501-1256341390-560x391.jpg,"workshop, saudi, culture, hayy jameel"
work,Pacita Abad · selected work,philippines,Manila,Silverlens,,,https://www.silverlensgalleries.com/artists/pacita-abad#selected-work,https://www.silverlensgalleries.com/assets/artists/PACITA%20ABAD%2C%20A%20Slice%20of%20Life%20I%2C%202003%2C%20Oil%20on%20printed%20handmade%20paper%2C%20PA_SPI069.jpg,"contemporary art, gallery, southeast asia, philippines, painting, paper, printmaking"
work,Catalina Africa · selected work,philippines,Manila,Silverlens,,,https://www.silverlensgalleries.com/artists/catalina-africa#selected-work,https://www.silverlensgalleries.com/assets/artists/CA%20THUMB.jpg,"contemporary art, gallery, southeast asia, philippines"
work,Poklong Anading · selected work,philippines,Manila,Silverlens,,,https://www.silverlensgalleries.com/artists/poklong-anading#selected-work,https://www.silverlensgalleries.com/assets/artists/POKLONG%20ANADING%2C%20mother%20of%20corals%2C%202025%2C%20UV%20print%20on%20aluminum%20%281of10%29%2C%20SLABPAN105.jpg,"contemporary art, gallery, southeast asia, philippines, printmaking"
work,Martha Atienza · selected work,philippines,Manila,Silverlens,,,https://www.silverlensgalleries.com/artists/martha-atienza#selected-work,https://www.silverlensgalleries.com/assets/artists/BATANG_stills1.jpg,"contemporary art, gallery, southeast asia, philippines"
work,Santiago Bose · selected work,philippines,Manila,Silverlens,,,https://www.silverlensgalleries.com/artists/santiago-bose#selected-work,https://www.silverlensgalleries.com/assets/artists/Santiago%20Bose_Juan%20Tamad.jpg,"contemporary art, gallery, southeast asia, philippines"
work,Frank Callaghan · selected work,philippines,Manila,Silverlens,,,https://www.silverlensgalleries.com/artists/frank-callaghan#selected-work,https://www.silverlensgalleries.com/assets/artists/FRANK%20CALLAGHAN.jpg,"contemporary art, gallery, southeast asia, philippines"
work,James Clar · selected work,philippines,Manila,Silverlens,,,https://www.silverlensgalleries.com/artists/james-clar#selected-work,https://www.silverlensgalleries.com/assets/artists/DSCF4903%20JAME%20CLAR.png,"contemporary art, gallery, southeast asia, philippines"
work,Chati Coronel · selected work,philippines,Manila,Silverlens,,,https://www.silverlensgalleries.com/artists/chati-coronel#selected-work,https://www.silverlensgalleries.com/assets/artists/%28detail%29%20Light%20Fountain%2C%202024..jpg,"contemporary art, gallery, southeast asia, philippines"
work,Nicole Coson · selected work,philippines,Manila,Silverlens,,,https://www.silverlensgalleries.com/artists/nicole-coson#selected-work,https://www.silverlensgalleries.com/assets/artists/NICOLE%20COSON_ABB%205.jpeg,"contemporary art, gallery, southeast asia, philippines"
work,Corinne de San Jose · selected work,philippines,Manila,Silverlens,,,https://www.silverlensgalleries.com/artists/corinne-de-san-jose#selected-work,https://www.silverlensgalleries.com/assets/artists/621449539_18550188814008067_1141588032390674376_n.jpg,"contemporary art, gallery, southeast asia, philippines"
work,Imelda Cajipe Endaya · selected work,philippines,Manila,Silverlens,,,https://www.silverlensgalleries.com/artists/imelda-cajipe-endaya#selected-work,https://www.silverlensgalleries.com/assets/artists/IMELDA%20CAJIPE%20ENDAYA%2C%20Balabal%20ni%20Lola%20Minggay%2C%201995-1996%2C%20s_d%20lower%20left%20of%20mountain_breast%20from%20the%20center%20acrylic%20on%20assemblage%20and%20plaster-bonded%20textile%2C%20SPI_ICE119.jpg,"contemporary art, gallery, southeast asia, philippines, painting"
work,Keka Enriquez · selected work,philippines,Manila,Silverlens,,,https://www.silverlensgalleries.com/artists/keka-enriquez#selected-work,https://www.silverlensgalleries.com/assets/artists/SPI-FE045-image.jpg,"contemporary art, gallery, southeast asia, philippines"
work,Patricia Perez Eustaquio · selected work,philippines,Manila,Silverlens,,,https://www.silverlensgalleries.com/artists/patricia-perez-eustaquio#selected-work,https://www.silverlensgalleries.com/assets/artists/PATRICIA%20PEREZ%20EUSTAQUIO%2C%20An%20Unraveling%20%28Conversation%20Among%20Ruins%2C%20After%20Amorsolo%29%2C%202019%2C%20digitally%20woven%20tapestry%20in%20cotton%20and%20wool%2C%20SPI_PE047.jpg,"contemporary art, gallery, southeast asia, philippines, textiles"
work,Dina Gadia · selected work,philippines,Manila,Silverlens,,,https://www.silverlensgalleries.com/artists/dina-gadia#selected-work,https://www.silverlensgalleries.com/assets/artists/DINA%20GADIA%2C%20Land%20Poetics%20%28Quality%20Container%29%2C%202024%2C%20acrylic%20on%20canvas%2C%20SPI_DG262.jpg,"contemporary art, gallery, southeast asia, philippines, painting, canvas"
work,Gregory Halili · selected work,philippines,Manila,Silverlens,,,https://www.silverlensgalleries.com/artists/gregory-halili#selected-work,https://www.silverlensgalleries.com/assets/artists/GH-1.jpg,"contemporary art, gallery, southeast asia, philippines"
work,Mit Jai Inn · selected work,philippines,Manila,Silverlens,,,https://www.silverlensgalleries.com/artists/mit-jai-inn#selected-work,https://www.silverlensgalleries.com/assets/artists/Mit%20Jai%20Inn%20Silverlens%20New%20York%20detail%20shots%200005.jpg,"contemporary art, gallery, southeast asia, philippines"
work,Geraldine Javier · selected work,philippines,Manila,Silverlens,,,https://www.silverlensgalleries.com/artists/geraldine-javier#selected-work,https://www.silverlensgalleries.com/assets/artists/_J9A6736.jpg,"contemporary art, gallery, southeast asia, philippines"
work,Pow Martinez · selected work,philippines,Manila,Silverlens,,,https://www.silverlensgalleries.com/artists/pow-martinez#selected-work,https://www.silverlensgalleries.com/assets/artists/POW%20MARTINEZ%2C%202025%2C%20SLABPM474.jpg,"contemporary art, gallery, southeast asia, philippines"
work,Renato Orara · selected work,philippines,Manila,Silverlens,,,https://www.silverlensgalleries.com/artists/renato-orara#selected-work,https://www.silverlensgalleries.com/assets/artists/EP_50_P.jpg,"contemporary art, gallery, southeast asia, philippines"
work,Gina Osterloh · selected work,philippines,Manila,Silverlens,,,https://www.silverlensgalleries.com/artists/gina-osterloh#selected-work,https://www.silverlensgalleries.com/assets/artists/01-Mirror-Woman-scaled.webp,"contemporary art, gallery, southeast asia, philippines"
work,Bernardo Pacquing · selected work,philippines,Manila,Silverlens,,,https://www.silverlensgalleries.com/artists/bernardo-pacquing#selected-work,https://www.silverlensgalleries.com/assets/artists/_J9A0385.jpg,"contemporary art, gallery, southeast asia, philippines"
work,Gary-Ross Pastrana · selected work,philippines,Manila,Silverlens,,,https://www.silverlensgalleries.com/artists/gary-ross-pastrana#selected-work,https://www.silverlensgalleries.com/assets/artists/THUMB%20GRP%201.png,"contemporary art, gallery, southeast asia, philippines"
work,Hanna Pettyjohn · selected work,philippines,Manila,Silverlens,,,https://www.silverlensgalleries.com/artists/hanna-pettyjohn#selected-work,https://www.silverlensgalleries.com/assets/artists/20251007%20HANNA%20PETTYJOHN%20What%20the%20mountain%20gave%20us%20004.jpg,"contemporary art, gallery, southeast asia, philippines"
work,Stephanie Syjuco · selected work,philippines,Manila,Silverlens,,,https://www.silverlensgalleries.com/artists/stephanie-syjuco#selected-work,https://www.silverlensgalleries.com/assets/artists/Cargo%20Cults%20%28Java%20Bunny%29.jpg,"contemporary art, gallery, southeast asia, philippines"
work,Leo Valledor · selected work,philippines,Manila,Silverlens,,,https://www.silverlensgalleries.com/artists/leo-valledor#selected-work,https://www.silverlensgalleries.com/assets/artists/ScaleShot_BetweenH%26E_0I2A0294.JPG,"contemporary art, gallery, southeast asia, philippines"
work,Carlos Villa · selected work,philippines,Manila,Silverlens,,,https://www.silverlensgalleries.com/artists/carlos-villa#selected-work,https://www.silverlensgalleries.com/assets/artists/CARLOS%20VILLA%2C%20Excavation%2C%201982%2C%20SLNY_CV048.jpg,"contemporary art, gallery, southeast asia, philippines"
work,Ryan Villamael · selected work,philippines,Manila,Silverlens,,,https://www.silverlensgalleries.com/artists/ryan-villamael#selected-work,https://www.silverlensgalleries.com/assets/artists/LON_4185.jpg,"contemporary art, gallery, southeast asia, philippines"
work,Yee I-Lann · selected work,philippines,Manila,Silverlens,,,https://www.silverlensgalleries.com/artists/yee-i-lann#selected-work,https://www.silverlensgalleries.com/assets/artists/YIL_PANGKIS_Still%20Option%202%20copy.jpg,"contemporary art, gallery, southeast asia, philippines"
work,Eric Zamuco · selected work,philippines,Manila,Silverlens,,,https://www.silverlensgalleries.com/artists/eric-zamuco#selected-work,https://www.silverlensgalleries.com/assets/artists/Image%20from%20Eric%20Zamuco%27s%20studio%2C%202025.jpg,"contemporary art, gallery, southeast asia, philippines"
work,Pacita Abad · selected work,philippines,Manila,Silverlens,,,https://www.silverlensgalleries.com/artists/pacita-abad#work-1,https://www.silverlensgalleries.com/assets/artists/pacita-abad/header-image/pacita%20header%201.jpg,"contemporary art, gallery, philippines, selected work"
work,Pacita Abad · selected work,philippines,Manila,Silverlens,,,https://www.silverlensgalleries.com/artists/pacita-abad#work-2,https://www.silverlensgalleries.com/assets/artists/pacita-abad/bio/pacita%201%20copy%20square%201.jpg,"contemporary art, gallery, philippines, selected work"
work,Pacita Abad · selected work,philippines,Manila,Silverlens,,,https://www.silverlensgalleries.com/artists/pacita-abad#work-3,"https://www.silverlensgalleries.com/assets/artists/pacita-abad/selected-works/PACITA ABAD, Red and black in color, 2003, 23-colour, 8-stencil coloured paper pulp on handmade STPI paper (print), PA_SPI110-1791179923.jpg","contemporary art, gallery, philippines, selected work, paper, printmaking"
work,Catalina Africa · selected work,philippines,Manila,Silverlens,,,https://www.silverlensgalleries.com/artists/catalina-africa#work-1,https://www.silverlensgalleries.com/assets/artists/catalina-africa/header-image/Catalina%20Africa_A%20View%20From%20The%20Womb_2019_acrylic_oil%20pastel%20on%20canvas_72hx60w%20in.jpg,"contemporary art, gallery, philippines, selected work, painting, canvas"
work,Catalina Africa · selected work,philippines,Manila,Silverlens,,,https://www.silverlensgalleries.com/artists/catalina-africa#work-2,https://www.silverlensgalleries.com/assets/artists/catalina-africa/bio/CATA%202026.png,"contemporary art, gallery, philippines, selected work"
work,Catalina Africa · selected work,philippines,Manila,Silverlens,,,https://www.silverlensgalleries.com/artists/catalina-africa#work-3,https://www.silverlensgalleries.com/assets/artists/catalina-africa/selected-works/_J9A7725-2-1791249566.jpg,"contemporary art, gallery, philippines, selected work"
work,Poklong Anading · selected work,philippines,Manila,Silverlens,,,https://www.silverlensgalleries.com/artists/poklong-anading#work-1,https://www.silverlensgalleries.com/assets/artists/poklong-anading/header-image/1-Poklong%20Anading_Silverlens-header-web.jpg,"contemporary art, gallery, philippines, selected work"
work,Poklong Anading · selected work,philippines,Manila,Silverlens,,,https://www.silverlensgalleries.com/artists/poklong-anading#work-3,https://www.silverlensgalleries.com/assets/exhibitions/2022-04-07/light-growth-residuezzz/works/Poklong-Anading-06.jpg,"contemporary art, gallery, philippines, selected work"
work,Martha Atienza · selected work,philippines,Manila,Silverlens,,,https://www.silverlensgalleries.com/artists/martha-atienza#work-1,https://www.silverlensgalleries.com/assets/artists/martha-atienza/header-image/MAtienza_CoconutTreeMethodology_02.png,"contemporary art, gallery, philippines, selected work"
work,Martha Atienza · selected work,philippines,Manila,Silverlens,,,https://www.silverlensgalleries.com/artists/martha-atienza#work-2,https://www.silverlensgalleries.com/assets/artists/martha-atienza/bio/martha%20website%201.jpg,"contemporary art, gallery, philippines, selected work"
work,Martha Atienza · selected work,philippines,Manila,Silverlens,,,https://www.silverlensgalleries.com/artists/martha-atienza#work-3,https://www.silverlensgalleries.com/assets/exhibitions/2026-05-30/the-coconut-tree-methodology-unpublished/works/Atienza_CCM-1.gif,"contemporary art, gallery, philippines, selected work"
work,Santiago Bose · selected work,philippines,Manila,Silverlens,,,https://www.silverlensgalleries.com/artists/santiago-bose#work-1,https://www.silverlensgalleries.com/assets/artists//santiago-bose/header-image/SB%20HEADER.jpg,"contemporary art, gallery, philippines, selected work"
work,Santiago Bose · selected work,philippines,Manila,Silverlens,,,https://www.silverlensgalleries.com/artists/santiago-bose#work-2,https://www.silverlensgalleries.com/assets/artists/santiago-bose/bio/Santiago%20Bose%203.jpg,"contemporary art, gallery, philippines, selected work"
work,Santiago Bose · selected work,philippines,Manila,Silverlens,,,https://www.silverlensgalleries.com/artists/santiago-bose#work-3,https://www.silverlensgalleries.com/assets/artists/santiago-bose/selected-works/Travelling Bones in Hanging Bridge-1656740943.jpg,"contemporary art, gallery, philippines, selected work"
work,James Clar · selected work,philippines,Manila,Silverlens,,,https://www.silverlensgalleries.com/artists/james-clar#work-1,https://www.silverlensgalleries.com/assets/artists/james-clar/header-image/JAMES%20CLAR_Ball%20and%20Chain_2010-2021_Car%20headlights%2C%20chain%2C%20LED%20lighting_41h%20x%2041.50w%20x%2044d%20in_Edition%203%20of%203_B.jpg,"contemporary art, gallery, philippines, selected work"
work,James Clar · selected work,philippines,Manila,Silverlens,,,https://www.silverlensgalleries.com/artists/james-clar#work-3,https://www.silverlensgalleries.com/assets/artists/james-clar/selected-works/Cloud-Seed.jpg,"contemporary art, gallery, philippines, selected work"
work,Chati Coronel · selected work,philippines,Manila,Silverlens,,,https://www.silverlensgalleries.com/artists/chati-coronel#work-1,https://www.silverlensgalleries.com/assets/artists/chati-coronel/header-image/Chati-Coronel-Header.jpg,"contemporary art, gallery, philippines, selected work"
work,Chati Coronel · selected work,philippines,Manila,Silverlens,,,https://www.silverlensgalleries.com/artists/chati-coronel#work-2,https://www.silverlensgalleries.com/assets/artists/chati-coronel/bio/image2.jpeg,"contemporary art, gallery, philippines, selected work"
work,Chati Coronel · selected work,philippines,Manila,Silverlens,,,https://www.silverlensgalleries.com/artists/chati-coronel#work-3,https://www.silverlensgalleries.com/assets/viewing-room/2022-02-22/inner-constellations/works/20212InnerConstellation730PM.jpg,"contemporary art, gallery, philippines, selected work"
work,Nicole Coson · selected work,philippines,Manila,Silverlens,,,https://www.silverlensgalleries.com/artists/nicole-coson#work-1,https://www.silverlensgalleries.com/assets/artists/nicole-coson/header-image/header-Nicole-Coson-Silverlens-SPI_NC122.jpg,"contemporary art, gallery, philippines, selected work"
work,Nicole Coson · selected work,philippines,Manila,Silverlens,,,https://www.silverlensgalleries.com/artists/nicole-coson#work-3,https://www.silverlensgalleries.com/assets/exhibitions/2026-06-18/art-basel-2026zz-draft/works/NICOLE%20COSON_ABB%2052_1.jpg,"contemporary art, gallery, philippines, selected work"
work,Corinne de San Jose · selected work,philippines,Manila,Silverlens,,,https://www.silverlensgalleries.com/artists/corinne-de-san-jose#work-1,https://www.silverlensgalleries.com/assets/artists/corinne-de-san-jose/bio/Corinne%20De%20San%20Jose%202018_resized2.jpg,"contemporary art, gallery, philippines, selected work"
work,Corinne de San Jose · selected work,philippines,Manila,Silverlens,,,https://www.silverlensgalleries.com/artists/corinne-de-san-jose#work-2,https://www.silverlensgalleries.com/assets/exhibitions/2022-11-16/external-entrailssss/works/SPI_CDSJ105-framed.jpg,"contemporary art, gallery, philippines, selected work"
work,Corinne de San Jose · selected work,philippines,Manila,Silverlens,,,https://www.silverlensgalleries.com/artists/corinne-de-san-jose#work-3,https://www.silverlensgalleries.com/assets/exhibitions/2022-11-16/external-entrailssss/works/Da%20Capo.jpg,"contemporary art, gallery, philippines, selected work"
work,Imelda Cajipe Endaya · selected work,philippines,Manila,Silverlens,,,https://www.silverlensgalleries.com/artists/imelda-cajipe-endaya#work-2,"https://www.silverlensgalleries.com/assets/artists/imelda-cajipe-endaya/selected-works/IMELDA CAJIPE ENDAYA, Bay-i sa Ikalimang Dantaon (triptych), 2021-2022,acrylic and fiber textures on canvas-1789018126.jpg","contemporary art, gallery, philippines, selected work, painting, canvas"
work,Imelda Cajipe Endaya · selected work,philippines,Manila,Silverlens,,,https://www.silverlensgalleries.com/artists/imelda-cajipe-endaya#work-3,https://www.silverlensgalleries.com/assets/artists/imelda-cajipe-endaya/selected-works/_J9A6417-1789018018.jpg,"contemporary art, gallery, philippines, selected work"
work,Keka Enriquez · selected work,philippines,Manila,Silverlens,,,https://www.silverlensgalleries.com/artists/keka-enriquez#work-1,https://www.silverlensgalleries.com/assets/artists/keka-enriquez/bio/keka-enriquez-dschmitz-251219-0045.jpg,"contemporary art, gallery, philippines, selected work"
work,Keka Enriquez · selected work,philippines,Manila,Silverlens,,,https://www.silverlensgalleries.com/artists/keka-enriquez#work-2,https://www.silverlensgalleries.com/assets/artists/francesca-quot-keka-quot-enriquez/selected-works/KEKA%20ENRIQUEZ%2C%20Doors%20and%20Windows%2C%202023%2C%20oil%20on%20canvas%2C%20SPI_FE001.jpg,"contemporary art, gallery, philippines, selected work, painting, canvas"
work,Keka Enriquez · selected work,philippines,Manila,Silverlens,,,https://www.silverlensgalleries.com/artists/keka-enriquez#work-3,https://www.silverlensgalleries.com/assets/artists/francesca-quot-keka-quot-enriquez/selected-works/FRANCESCA%20ENRIQUEZ%2C%20House%20Series%2C%20Oil%20on%20Canvas%2C%201987%2C%20%206x6.jpg,"contemporary art, gallery, philippines, selected work, painting, canvas"
work,Sara Abdu · selected work,saudi,Jeddah,ATHR Gallery,,,https://athrart.com/artists/33/#selected-work,"https://static-assets.artlogic.net/w_800,h_800,c_limit,f_auto,fl_lossy,q_auto/ws-artlogicwebsite2195/usr/images/artists/artwork_image_for_artists_page/items/7c/7cc798f4e7814f138f93d00fd5d17be2/sab0164-image.jpg","contemporary art, gallery, saudi"
work,Sarah Abu Abdallah · selected work,saudi,Jeddah,ATHR Gallery,,,https://athrart.com/artists/34/#selected-work,"https://static-assets.artlogic.net/w_800,h_800,c_limit,f_auto,fl_lossy,q_auto/ws-artlogicwebsite2195/usr/images/artists/artwork_image_for_artists_page/items/82/8244755bf0d14bddb505453b991d55b8/sara-abu-abdullah_multitude_2022.jpg","contemporary art, gallery, saudi"
work,Ahaad Alamoudi · selected work,saudi,Jeddah,ATHR Gallery,,,https://athrart.com/artists/30/#selected-work,"https://static-assets.artlogic.net/w_800,h_800,c_limit,f_auto,fl_lossy,q_auto/ws-artlogicwebsite2195/usr/images/artists/artwork_image_for_artists_page/items/47/4789df09756347818ecb08aa6012976d/16.jpg","contemporary art, gallery, saudi"
work,Hatem Al Ahmad · selected work,saudi,Jeddah,ATHR Gallery,,,https://athrart.com/artists/66/#selected-work,"https://static-assets.artlogic.net/w_800,h_800,c_limit,f_auto,fl_lossy,q_auto/ws-artlogicwebsite2195/usr/images/artists/artwork_image_for_artists_page/items/37/37b5e2c6f6d0460cb3c7882fdbbc9a3b/1.jpg","contemporary art, gallery, saudi"
work,Mohammad Alfaraj · selected work,saudi,Jeddah,ATHR Gallery,,,https://athrart.com/artists/35/#selected-work,"https://static-assets.artlogic.net/w_800,h_800,c_limit,f_auto,fl_lossy,q_auto/ws-artlogicwebsite2195/usr/images/artists/artwork_image_for_artists_page/items/4d/4d24b6b1d4974d459e0177d8aa485de0/maf0221-image.jpg","contemporary art, gallery, saudi"
work,Zahrah Alghamdi · selected work,saudi,Jeddah,ATHR Gallery,,,https://athrart.com/artists/36/#selected-work,"https://static-assets.artlogic.net/w_800,h_800,c_limit,f_auto,fl_lossy,q_auto/ws-artlogicwebsite2195/usr/images/artists/artwork_image_for_artists_page/items/c9/c92867b8e3a846319313baf492ee3a5c/mk403766.jpg","contemporary art, gallery, saudi"
work,Daniah Alsaleh · selected work,saudi,Jeddah,ATHR Gallery,,,https://athrart.com/artists/37/#selected-work,"https://static-assets.artlogic.net/w_800,h_800,c_limit,f_auto,fl_lossy,q_auto/ws-artlogicwebsite2195/usr/images/artists/artwork_image_for_artists_page/items/96/96a934799240422fa84f0b6d0ff042f7/das0031-image.jpg","contemporary art, gallery, saudi"
work,Abdulrahman AlSoliman · selected work,saudi,Jeddah,ATHR Gallery,,,https://athrart.com/artists/68/#selected-work,"https://static-assets.artlogic.net/w_800,h_800,c_limit,f_auto,fl_lossy,q_auto/ws-artlogicwebsite2195/usr/images/artists/artwork_image_for_artists_page/items/be/be2befcbeba54be58b1af96302be3d89/abdulrahman-alsuliman.png","contemporary art, gallery, saudi"
work,Asma Bahmim · selected work,saudi,Jeddah,ATHR Gallery,,,https://athrart.com/artists/39/#selected-work,"https://static-assets.artlogic.net/w_800,h_800,c_limit,f_auto,fl_lossy,q_auto/ws-artlogicwebsite2195/usr/images/artists/artwork_image_for_artists_page/items/79/7958d70ba1bd41238770a43142ce4e1e/mk409773.jpg","contemporary art, gallery, saudi"
work,Sultan Bin Fahad · selected work,saudi,Jeddah,ATHR Gallery,,,https://athrart.com/artists/31/#selected-work,"https://static-assets.artlogic.net/w_800,h_800,c_limit,f_auto,fl_lossy,q_auto/ws-artlogicwebsite2195/usr/images/artists/artwork_image_for_artists_page/items/03/03122b71532f4d9aba1bdc290aa59076/sbf0082-image.jpg","contemporary art, gallery, saudi"
work,Ayman Yossri Daydban · selected work,saudi,Jeddah,ATHR Gallery,,,https://athrart.com/artists/40/#selected-work,"https://static-assets.artlogic.net/w_800,h_800,c_limit,f_auto,fl_lossy,q_auto/ws-artlogicwebsite2195/usr/images/artists/artwork_image_for_artists_page/items/c1/c1dbf91cd4b6473b877fddf368fdad34/ayd0624-image.jpg","contemporary art, gallery, saudi"
work,Rami Farook · selected work,saudi,Jeddah,ATHR Gallery,,,https://athrart.com/artists/41/#selected-work,"https://static-assets.artlogic.net/w_800,h_800,c_limit,f_auto,fl_lossy,q_auto/ws-artlogicwebsite2195/usr/images/artists/artwork_image_for_artists_page/items/ce/ce8e660ba2274f80a0931d638279383a/raf0024-image.jpg","contemporary art, gallery, saudi"
work,Basmah Felemban · selected work,saudi,Jeddah,ATHR Gallery,,,https://athrart.com/artists/42/#selected-work,"https://static-assets.artlogic.net/w_800,h_800,c_limit,f_auto,fl_lossy,q_auto/ws-artlogicwebsite2195/usr/images/artists/artwork_image_for_artists_page/items/12/12dc18bab4e049029a6ca2d9eda16cd9/baf0040-image.jpg","contemporary art, gallery, saudi"
work,Dr. Ahmed Mater · selected work,saudi,Jeddah,ATHR Gallery,,,https://athrart.com/artists/32/#selected-work,"https://static-assets.artlogic.net/w_800,h_800,c_limit,f_auto,fl_lossy,q_auto/ws-artlogicwebsite2195/usr/images/artists/artwork_image_for_artists_page/items/7b/7bc2a7501b7e41f0928dbc83ed5d0448/ahm0304-image.jpg","contemporary art, gallery, saudi"
work,Mounirah Mosly · selected work,saudi,Jeddah,ATHR Gallery,,,https://athrart.com/artists/67/#selected-work,"https://static-assets.artlogic.net/w_800,h_800,c_limit,f_auto,fl_lossy,q_auto/ws-artlogicwebsite2195/usr/images/artists/artwork_image_for_artists_page/items/53/53362cb9c8694fcfab0ddec5b40e0169/themuralthecity.jpg","contemporary art, gallery, saudi"
work,Muhannad Shono · selected work,saudi,Jeddah,ATHR Gallery,,,https://athrart.com/artists/44/#selected-work,"https://static-assets.artlogic.net/w_800,h_800,c_limit,f_auto,fl_lossy,q_auto/ws-artlogicwebsite2195/usr/images/artists/artwork_image_for_artists_page/items/0d/0db2f4905d2c441aa5e9f97c6892e5d9/msh0186-image.jpg","contemporary art, gallery, saudi"
event,Art Dubai 2027,uae,Dubai,Art Dubai,2027-04-07,2027-04-11,https://www.artdubai.ae/home-2/,,"art, art fair, uae, culture"
event,Art Basel Hong Kong 2027,china,Hong Kong,Art Basel,2027-03-25,2027-03-27,https://www.artbasel.com/hong-kong,,"art, art fair, china, culture"
event,India Art Fair 2027,india,New Delhi,India Art Fair,2027-02-04,2027-02-07,https://indiaartfair.in/,,"art, art fair, india, culture"
event,India Art Festival · Mumbai,india,Mumbai,India Art Festival,2026-10-09,2026-10-11,https://indiaartfestival.com/media.html,,"art, festival, india, culture"
event,India Art Festival · New Delhi,india,New Delhi,India Art Festival,2026-11-20,2026-11-22,https://indiaartfestival.com/media.html#delhi,,"art, festival, india, culture"
event,India Art Festival · Bengaluru,india,Bengaluru,India Art Festival,2026-12-11,2026-12-13,https://indiaartfestival.com/media.html#bengaluru,,"art, festival, india, culture"
event,Fin de Semana ARTBO 2027,colombia,Bogotá,Bogotá Chamber of Commerce,2027-04-15,2027-04-18,https://www.ccb.org.co/de-interes/comunicados/artbo-feria-2026-cierra-su-edicion-numero-22-con-22-000-visitantes#fin-de-semana,,"art, festival, colombia, culture"
event,ARTBO Feria 2027,colombia,Bogotá,Bogotá Chamber of Commerce,2027-09-23,2027-09-26,https://www.ccb.org.co/de-interes/comunicados/artbo-feria-2026-cierra-su-edicion-numero-22-con-22-000-visitantes#feria,,"art, art fair, colombia, culture"
event,Robert Rauschenberg and Asia,malaysia,Kuala Lumpur,ILHAM Gallery,2026-06-16,2026-11-01,https://ilhamgallery.com/robert-rauschenberg-and-asia/,,"art, exhibition, malaysia, culture"
artist,Esteban Peña Parga,colombia,Bogotá,Nueveochenta,,,https://nueveochenta.com/aritistas/esteban-pena-parga/,https://nueveochenta.com/wp-content/uploads/2024/12/Proximas.jpg,"gallery, contemporary art, colombia, latin america"
work,Esteban Peña Parga · selected work,colombia,Bogotá,Nueveochenta,,,https://nueveochenta.com/aritistas/esteban-pena-parga/#selected-work,https://nueveochenta.com/wp-content/uploads/2024/12/Proximas.jpg,"gallery, contemporary art, colombia, latin america"
artist,Juan Rodríguez Varón,colombia,Bogotá,Nueveochenta,,,https://nueveochenta.com/aritistas/juan-rodriguez-varon/,https://nueveochenta.com/wp-content/uploads/2024/12/Laluzesamplitud-11-scaled-e1661378779321.jpg,"gallery, contemporary art, colombia, latin america"
work,Juan Rodríguez Varón · selected work,colombia,Bogotá,Nueveochenta,,,https://nueveochenta.com/aritistas/juan-rodriguez-varon/#selected-work,https://nueveochenta.com/wp-content/uploads/2024/12/Laluzesamplitud-11-scaled-e1661378779321.jpg,"gallery, contemporary art, colombia, latin america"
artist,Aldo Chaparro,colombia,Bogotá,Nueveochenta,,,https://nueveochenta.com/aritistas/aldo-chaparro/,https://nueveochenta.com/wp-content/uploads/2024/12/CasanovaFotoSAS-18.jpg,"gallery, contemporary art, colombia, latin america"
work,Aldo Chaparro · selected work,colombia,Bogotá,Nueveochenta,,,https://nueveochenta.com/aritistas/aldo-chaparro/#selected-work,https://nueveochenta.com/wp-content/uploads/2024/12/CasanovaFotoSAS-18.jpg,"gallery, contemporary art, colombia, latin america"
artist,Beatriz Olano,colombia,Bogotá,Nueveochenta,,,https://nueveochenta.com/aritistas/beatriz-olano/,https://nueveochenta.com/wp-content/uploads/2024/12/IMG_3879-scaled-1.jpg,"gallery, contemporary art, colombia, latin america"
work,Beatriz Olano · selected work,colombia,Bogotá,Nueveochenta,,,https://nueveochenta.com/aritistas/beatriz-olano/#selected-work,https://nueveochenta.com/wp-content/uploads/2024/12/IMG_3879-scaled-1.jpg,"gallery, contemporary art, colombia, latin america"
artist,Fernando Uhía,colombia,Bogotá,Nueveochenta,,,https://nueveochenta.com/aritistas/fernando-uhia/,https://nueveochenta.com/wp-content/uploads/2024/12/Septimias_Fernando-Uhia1.jpg,"gallery, contemporary art, colombia, latin america"
work,Fernando Uhía · selected work,colombia,Bogotá,Nueveochenta,,,https://nueveochenta.com/aritistas/fernando-uhia/#selected-work,https://nueveochenta.com/wp-content/uploads/2024/12/Septimias_Fernando-Uhia1.jpg,"gallery, contemporary art, colombia, latin america"
artist,Jaime Ávila,colombia,Bogotá,Nueveochenta,,,https://nueveochenta.com/aritistas/jaime-avila/,https://nueveochenta.com/wp-content/uploads/2020/07/JA_Ciudad-Perdida_3-scaled-1.jpg,"gallery, contemporary art, colombia, latin america"
work,Jaime Ávila · selected work,colombia,Bogotá,Nueveochenta,,,https://nueveochenta.com/aritistas/jaime-avila/#selected-work,https://nueveochenta.com/wp-content/uploads/2020/07/JA_Ciudad-Perdida_3-scaled-1.jpg,"gallery, contemporary art, colombia, latin america"
artist,Jaime Tarazona,colombia,Bogotá,Nueveochenta,,,https://nueveochenta.com/aritistas/jaime-tarazona/,https://nueveochenta.com/wp-content/uploads/2024/12/2-1.jpg,"gallery, contemporary art, colombia, latin america"
work,Jaime Tarazona · selected work,colombia,Bogotá,Nueveochenta,,,https://nueveochenta.com/aritistas/jaime-tarazona/#selected-work,https://nueveochenta.com/wp-content/uploads/2024/12/2-1.jpg,"gallery, contemporary art, colombia, latin america"
artist,José Olano,colombia,Bogotá,Nueveochenta,,,https://nueveochenta.com/aritistas/jose-olano/,https://nueveochenta.com/wp-content/uploads/2024/12/Somos-dos-abismos-un-pozo-mirando-fijamente-al-cielo.jpg,"gallery, contemporary art, colombia, latin america"
work,José Olano · selected work,colombia,Bogotá,Nueveochenta,,,https://nueveochenta.com/aritistas/jose-olano/#selected-work,https://nueveochenta.com/wp-content/uploads/2024/12/Somos-dos-abismos-un-pozo-mirando-fijamente-al-cielo.jpg,"gallery, contemporary art, colombia, latin america"
artist,Kevin Mancera,colombia,Bogotá,Nueveochenta,,,https://nueveochenta.com/aritistas/kevin-mancera/,https://nueveochenta.com/wp-content/uploads/2024/12/11-nunca-nos-realizamos-Somos-dos-abismos-un-pozo-mirando-fijamente-al-cielo.png,"gallery, contemporary art, colombia, latin america"
work,Kevin Mancera · selected work,colombia,Bogotá,Nueveochenta,,,https://nueveochenta.com/aritistas/kevin-mancera/#selected-work,https://nueveochenta.com/wp-content/uploads/2024/12/11-nunca-nos-realizamos-Somos-dos-abismos-un-pozo-mirando-fijamente-al-cielo.png,"gallery, contemporary art, colombia, latin america"
artist,Lester Rodríguez,colombia,Bogotá,Nueveochenta,,,https://nueveochenta.com/aritistas/lester-rodriguez/,https://nueveochenta.com/wp-content/uploads/2024/12/STILL-4-1.jpg,"gallery, contemporary art, colombia, latin america"
work,Lester Rodríguez · selected work,colombia,Bogotá,Nueveochenta,,,https://nueveochenta.com/aritistas/lester-rodriguez/#selected-work,https://nueveochenta.com/wp-content/uploads/2024/12/STILL-4-1.jpg,"gallery, contemporary art, colombia, latin america"
artist,Marcela Cárdenas,colombia,Bogotá,Nueveochenta,,,https://nueveochenta.com/aritistas/marcela-cardenas/,https://nueveochenta.com/wp-content/uploads/2024/12/8K8A0216.jpg,"gallery, contemporary art, colombia, latin america"
work,Marcela Cárdenas · selected work,colombia,Bogotá,Nueveochenta,,,https://nueveochenta.com/aritistas/marcela-cardenas/#selected-work,https://nueveochenta.com/wp-content/uploads/2024/12/8K8A0216.jpg,"gallery, contemporary art, colombia, latin america"
artist,Natalia Castañeda,colombia,Bogotá,Nueveochenta,,,https://nueveochenta.com/aritistas/natalia-castaneda/,https://nueveochenta.com/wp-content/uploads/2024/12/NC_politicaInterior3.jpg,"gallery, contemporary art, colombia, latin america"
work,Natalia Castañeda · selected work,colombia,Bogotá,Nueveochenta,,,https://nueveochenta.com/aritistas/natalia-castaneda/#selected-work,https://nueveochenta.com/wp-content/uploads/2024/12/NC_politicaInterior3.jpg,"gallery, contemporary art, colombia, latin america"
artist,Ricardo Rendón,colombia,Bogotá,Nueveochenta,,,https://nueveochenta.com/aritistas/ricardo-rendon/,https://nueveochenta.com/wp-content/uploads/2024/12/Rendon-Imagen-Web.jpg,"gallery, contemporary art, colombia, latin america"
work,Ricardo Rendón · selected work,colombia,Bogotá,Nueveochenta,,,https://nueveochenta.com/aritistas/ricardo-rendon/#selected-work,https://nueveochenta.com/wp-content/uploads/2024/12/Rendon-Imagen-Web.jpg,"gallery, contemporary art, colombia, latin america"
artist,Eduardo Ramírez Villamizar,colombia,Bogotá,Nueveochenta,,,https://nueveochenta.com/aritistas/eduardo-ramirez-villamizar/,https://nueveochenta.com/wp-content/uploads/2024/11/ERV_Abstraccion-organica_3.jpg,"gallery, contemporary art, colombia, latin america"
work,Eduardo Ramírez Villamizar · selected work,colombia,Bogotá,Nueveochenta,,,https://nueveochenta.com/aritistas/eduardo-ramirez-villamizar/#selected-work,https://nueveochenta.com/wp-content/uploads/2024/11/ERV_Abstraccion-organica_3.jpg,"gallery, contemporary art, colombia, latin america"
artist,Luis Hernández Mellizo,colombia,Bogotá,Nueveochenta,,,https://nueveochenta.com/aritistas/luis-hernandez-mellizo/,https://nueveochenta.com/wp-content/uploads/2024/12/Detail-LHM-2020.jpg,"gallery, contemporary art, colombia, latin america"
work,Luis Hernández Mellizo · selected work,colombia,Bogotá,Nueveochenta,,,https://nueveochenta.com/aritistas/luis-hernandez-mellizo/#selected-work,https://nueveochenta.com/wp-content/uploads/2024/12/Detail-LHM-2020.jpg,"gallery, contemporary art, colombia, latin america"
artist,Carlos Rojas,colombia,Bogotá,Nueveochenta,,,https://nueveochenta.com/aritistas/carlos-rojas/,https://nueveochenta.com/wp-content/uploads/2024/11/admin-ajax-1.jpeg,"gallery, contemporary art, colombia, latin america"
work,Carlos Rojas · selected work,colombia,Bogotá,Nueveochenta,,,https://nueveochenta.com/aritistas/carlos-rojas/#selected-work,https://nueveochenta.com/wp-content/uploads/2024/11/admin-ajax-1.jpeg,"gallery, contemporary art, colombia, latin america"
artist,John Castles,colombia,Bogotá,Nueveochenta,,,https://nueveochenta.com/aritistas/john-castles/,https://nueveochenta.com/wp-content/uploads/2024/11/J_J_Los-limites-del-vacio_2.jpg,"gallery, contemporary art, colombia, latin america"
work,John Castles · selected work,colombia,Bogotá,Nueveochenta,,,https://nueveochenta.com/aritistas/john-castles/#selected-work,https://nueveochenta.com/wp-content/uploads/2024/11/J_J_Los-limites-del-vacio_2.jpg,"gallery, contemporary art, colombia, latin america"
artist,Teresa Sánchez,colombia,Bogotá,Nueveochenta,,,https://nueveochenta.com/aritistas/teresa-sanchez/,https://nueveochenta.com/wp-content/uploads/2025/10/TS_Dinamicas-Vitales_2-scaled.jpg,"gallery, contemporary art, colombia, latin america"
work,Teresa Sánchez · selected work,colombia,Bogotá,Nueveochenta,,,https://nueveochenta.com/aritistas/teresa-sanchez/#selected-work,https://nueveochenta.com/wp-content/uploads/2025/10/TS_Dinamicas-Vitales_2-scaled.jpg,"gallery, contemporary art, colombia, latin america"
artist,Naiza Khan,pakistan,Karachi,Koel Gallery,,,https://koelgallery.com/artists/naiza-khan/,https://koelgallery.com/wp-content/uploads/2020/11/Landfill-III.jpg,"pakistan, drawing, painting, printmaking, paper, contemporary art"
work,"Landfill III, 2015",pakistan,Karachi,Koel Gallery,,,https://koelgallery.com/artworks/landfill-ii/,https://koelgallery.com/wp-content/uploads/2020/11/Landfill-III.jpg,"pakistan, paper, watercolour, gallery, naiza khan"
work,"City Wall, 2015",pakistan,Karachi,Koel Gallery,,,https://koelgallery.com/artworks/city-wall/,https://koelgallery.com/wp-content/uploads/2020/11/City-Wall.jpg,"pakistan, paper, watercolour, gallery, naiza khan"
work,"The Mission Quits, 2017",pakistan,Karachi,Koel Gallery,,,https://koelgallery.com/artworks/the-mission-quits/,https://koelgallery.com/wp-content/uploads/2020/11/The-Mission-Quits.jpg,"pakistan, painting, oil, gallery, naiza khan"
work,Naiza Khan – Whale under Construction,pakistan,Karachi,Koel Gallery,,,https://koelgallery.com/artworks/naiza-khan-whale-under-construction/,https://koelgallery.com/wp-content/uploads/2018/01/naiza-khan-artwork-34.jpg,"pakistan, painting, oil, gallery, naiza khan"
work,Naiza Khan – Whale III,pakistan,Karachi,Koel Gallery,,,https://koelgallery.com/artworks/naiza-khan-whale-iii/,https://koelgallery.com/wp-content/uploads/whalenew.jpg,"pakistan, paper, oil, gallery, naiza khan"
work,Naiza Khan – Whale,pakistan,Karachi,Koel Gallery,,,https://koelgallery.com/artworks/naiza-khan-whale/,https://koelgallery.com/wp-content/uploads/2018/01/naiza-khan-artwork-31.jpg,"pakistan, paper, watercolour, gallery, naiza khan"
work,Naiza Khan – The Streets are Rising,pakistan,Karachi,Koel Gallery,,,https://koelgallery.com/artworks/naiza-khan-the-streets-are-rising/,https://koelgallery.com/wp-content/uploads/2018/01/naiza-khan-artwork-30.jpg,"pakistan, painting, oil, gallery, naiza khan"
work,Naiza Khan – The Mission Quits,pakistan,Karachi,Koel Gallery,,,https://koelgallery.com/artworks/naiza-khan-the-mission-quits/,https://koelgallery.com/wp-content/uploads/2018/01/naiza-khan-artwork-29.jpg,"pakistan, painting, oil, gallery, naiza khan"
work,Naiza Khan – The Map is Elsewhere II,pakistan,Karachi,Koel Gallery,,,https://koelgallery.com/artworks/naiza-khan-the-map-is-elsewhere-ii/,https://koelgallery.com/wp-content/uploads/2018/01/naiza-khan-artwork-28.jpg,"pakistan, painting, oil, gallery, naiza khan"
work,Naiza Khan – Temple under construction,pakistan,Karachi,Koel Gallery,,,https://koelgallery.com/artworks/naiza-khan-temple-under-construction/,https://koelgallery.com/wp-content/uploads/2018/01/naiza-khan-artwork-26.jpg,"pakistan, painting, oil, gallery, naiza khan"
work,Naiza Khan – Spill,pakistan,Karachi,Koel Gallery,,,https://koelgallery.com/artworks/naiza-khan-spill/,https://koelgallery.com/wp-content/uploads/2018/01/naiza-khan-artwork-25.jpg,"pakistan, painting, oil, gallery, naiza khan"
work,Naiza Khan – Re-Aligned II,pakistan,Karachi,Koel Gallery,,,https://koelgallery.com/artworks/naiza-khan-re-aligned-ii/,https://koelgallery.com/wp-content/uploads/2018/01/naiza-khan-artwork-24.jpg,"pakistan, painting, oil, gallery, naiza khan"
work,Naiza Khan – Re-Aligned I,pakistan,Karachi,Koel Gallery,,,https://koelgallery.com/artworks/naiza-khan-re-aligned-i/,https://koelgallery.com/wp-content/uploads/2018/01/naiza-khan-artwork-23.jpg,"pakistan, painting, oil, gallery, naiza khan"
work,Naiza Khan – Porcelain and Pepper II,pakistan,Karachi,Koel Gallery,,,https://koelgallery.com/artworks/naiza-khan-porcelain-and-pepper-ii/,https://koelgallery.com/wp-content/uploads/2018/01/naiza-khan-artwork-22.jpg,"pakistan, paper, watercolour, gallery, naiza khan"
work,Naiza Khan – Porcelain and Pepper I,pakistan,Karachi,Koel Gallery,,,https://koelgallery.com/artworks/naiza-khan-porcelain-and-pepper-i/,https://koelgallery.com/wp-content/uploads/2018/01/naiza-khan-artwork-21.jpg,"pakistan, paper, watercolour, gallery, naiza khan"
work,Naiza Khan – Oyster IV,pakistan,Karachi,Koel Gallery,,,https://koelgallery.com/artworks/naiza-khan-oyster-iv/,https://koelgallery.com/wp-content/uploads/oytser-iv.jpg,"pakistan, paper, oil, gallery, naiza khan"
work,Naiza Khan – Oyster III,pakistan,Karachi,Koel Gallery,,,https://koelgallery.com/artworks/naiza-khan-oyster-iii/,https://koelgallery.com/wp-content/uploads/oyster3-new.jpg,"pakistan, paper, oil, gallery, naiza khan"
work,Naiza Khan – Oyster II,pakistan,Karachi,Koel Gallery,,,https://koelgallery.com/artworks/naiza-khan-oyster-ii/,https://koelgallery.com/wp-content/uploads/oyster-new.jpg,"pakistan, paper, oil, gallery, naiza khan"
work,Naiza Khan – Land Hunger,pakistan,Karachi,Koel Gallery,,,https://koelgallery.com/artworks/naiza-khan-land-hunger/,https://koelgallery.com/wp-content/uploads/2018/01/naiza-khan-artwork-17.jpg,"pakistan, paper, watercolour, gallery, naiza khan"
work,Naiza Khan – Kraak Porcelain III,pakistan,Karachi,Koel Gallery,,,https://koelgallery.com/artworks/naiza-khan-kraak-porcelain-iii/,https://koelgallery.com/wp-content/uploads/karak3.jpg,"pakistan, paper, oil, gallery, naiza khan"
work,Naiza Khan – Kraak Porcelain II,pakistan,Karachi,Koel Gallery,,,https://koelgallery.com/artworks/naiza-khan-kraak-porcelain-ii/,https://koelgallery.com/wp-content/uploads/karaak2.jpg,"pakistan, paper, oil, gallery, naiza khan"
work,Naiza Khan – Kraak Porcelain I,pakistan,Karachi,Koel Gallery,,,https://koelgallery.com/artworks/naiza-khan-kraak-porcelain-i/,https://koelgallery.com/wp-content/uploads/karaak.jpg,"pakistan, paper, oil, gallery, naiza khan"
work,Naiza Khan – From the Wreckage,pakistan,Karachi,Koel Gallery,,,https://koelgallery.com/artworks/naiza-khan-from-the-wreckage/,https://koelgallery.com/wp-content/uploads/2018/01/naiza-khan-artwork-13.jpg,"pakistan, paper, watercolour, gallery, naiza khan"
work,Naiza Khan – From the shipwrec,pakistan,Karachi,Koel Gallery,,,https://koelgallery.com/artworks/naiza-khan-from-the-shipwrec/,https://koelgallery.com/wp-content/uploads/2018/01/naiza-khan-artwork-12.jpg,"pakistan, paper, oil, gallery, naiza khan"
work,Naiza Khan – Dwelling II,pakistan,Karachi,Koel Gallery,,,https://koelgallery.com/artworks/naiza-khan-dwelling-ii/,https://koelgallery.com/wp-content/uploads/2018/01/naiza-khan-artwork-11.jpg,"pakistan, painting, oil, gallery, naiza khan"
work,Naiza Khan – Dwelling I,pakistan,Karachi,Koel Gallery,,,https://koelgallery.com/artworks/naiza-khan-dwelling-i/,https://koelgallery.com/wp-content/uploads/2018/01/naiza-khan-artwork-10.jpg,"pakistan, painting, oil, gallery, naiza khan"
work,Naiza Khan – Delusive,pakistan,Karachi,Koel Gallery,,,https://koelgallery.com/artworks/naiza-khan-delusive/,https://koelgallery.com/wp-content/uploads/2018/01/naiza-khan-artwork-09.jpg,"pakistan, painting, oil, gallery, naiza khan"
work,Naiza Khan – Concrete Folly III.,pakistan,Karachi,Koel Gallery,,,https://koelgallery.com/artworks/naiza-khan-concrete-folly-iii/,https://koelgallery.com/wp-content/uploads/concrete-new.jpg,"pakistan, paper, oil, gallery, naiza khan"
work,Naiza Khan – Concrete Folly I,pakistan,Karachi,Koel Gallery,,,https://koelgallery.com/artworks/naiza-khan-concrete-folly-i/,https://koelgallery.com/wp-content/uploads/2018/01/naiza-khan-artwork-07.jpg,"pakistan, paper, oil, gallery, naiza khan"
work,Naiza Khan – Cast of a city II,pakistan,Karachi,Koel Gallery,,,https://koelgallery.com/artworks/naiza-khan-cast-of-a-city-ii/,https://koelgallery.com/wp-content/uploads/cast-new.jpg,"pakistan, paper, watercolour, gallery, naiza khan"
work,Naiza Khan – Cast of a city I,pakistan,Karachi,Koel Gallery,,,https://koelgallery.com/artworks/naiza-khan-cast-of-a-city-i/,https://koelgallery.com/wp-content/uploads/2018/01/naiza-khan-artwork-05.jpg,"pakistan, paper, watercolour, gallery, naiza khan"
work,Naiza Khan – Cast II,pakistan,Karachi,Koel Gallery,,,https://koelgallery.com/artworks/naiza-khan-cast-ii/,https://koelgallery.com/wp-content/uploads/2018/01/naiza-khan-artwork-04.jpg,"pakistan, paper, watercolour, gallery, naiza khan"
work,Naiza Khan – Cast I,pakistan,Karachi,Koel Gallery,,,https://koelgallery.com/artworks/naiza-khan-cast-i/,https://koelgallery.com/wp-content/uploads/2018/01/naiza-khan-artwork-03.jpg,"pakistan, paper, watercolour, gallery, naiza khan"
work,Naiza Khan – Breakage,pakistan,Karachi,Koel Gallery,,,https://koelgallery.com/artworks/naiza-khan-breakage/,https://koelgallery.com/wp-content/uploads/2018/01/naiza-khan-artwork-02.jpg,"pakistan, painting, oil, gallery, naiza khan"
work,Naiza Khan – A Moving Landscape,pakistan,Karachi,Koel Gallery,,,https://koelgallery.com/artworks/naiza-khan-a-moving-landscape/,https://koelgallery.com/wp-content/uploads/2020/09/naiza-khan-artwork-01.jpg,"pakistan, paper, oil, gallery, naiza khan"
artist,Walid Siti,uae,Dubai,Jameel Arts Centre,,,https://jameelartscentre.org/whats-on/artists-rooms-walid-siti/,https://jameelartscentre.org/wp-content/uploads/2026/08/14-from-the-war-series-1988.IMG_9612-1-aspect-ratio-1431-1502-560x400.jpg,"exhibition, contemporary art, uae"
artist,Shezad Dawood,uae,Dubai,Jameel Arts Centre,,,https://jameelartscentre.org/whats-on/artists-rooms-shezad-dawood/,https://jameelartscentre.org/wp-content/uploads/2026/06/Copy-of-Dream-Machine-Film-Still-3-high-560x400.jpg,"exhibition, contemporary art, uae"
artist,Lulua Alyahya,uae,Dubai,Jameel Arts Centre,,,https://jameelartscentre.org/whats-on/artists-rooms-lulua-alyahya/,https://jameelartscentre.org/wp-content/uploads/2026/07/Courtesy-of-the-Artist-and-ATHR-Gallery.-Photo-by-Abdallah-bin-Salem-1-1-aspect-ratio-1167-887-560x400.jpg,"exhibition, contemporary art, uae"
artist,Kamruzzaman Shadhin,uae,Dubai,Jameel Arts Centre,,,https://jameelartscentre.org/whats-on/35561/,https://jameelartscentre.org/wp-content/uploads/2025/12/Copy-of-_MRC3769-Modifica-2-1-aspect-ratio-1440-1187-560x400.jpg,"exhibition, contemporary art, uae"
artist,Bani Abidi,uae,Dubai,Jameel Arts Centre,,,https://jameelartscentre.org/whats-on/37256/,https://jameelartscentre.org/wp-content/uploads/2026/08/image-1-560x400.jpg,"exhibition, contemporary art, uae"
event,Vantage Point 13,uae,Sharjah,Sharjah Art Foundation,2026-08-08,2026-11-29,https://www.sharjahart.org/en/whats-on/details/vantage-point-13,,"art, exhibition, uae, culture"
event,Perform Sharjah,uae,Sharjah,Sharjah Art Foundation,2026-10-11,2026-11-29,https://www.sharjahart.org/en/whats-on/details/perform-sharjah-2026,,"art, art event, uae, culture"
event,Sharjah Film Platform 9,uae,Sharjah,Sharjah Art Foundation,2026-10-30,2026-11-08,https://www.sharjahart.org/en/whats-on/details/sharjah-film-platform-9-early-bird-festival-pass,,"art, festival, uae, culture"
event,Stories and Tools from the Sea,uae,Sharjah,Sharjah Art Foundation,2026-10-10,2026-10-10,https://www.sharjahart.org/en/whats-on/details/stories-and-tools-from-the-sea,,"art, workshop, uae, culture"
event,Luneta Art Fair 2027,philippines,Manila,Luneta Art Fair,2027-02-06,2027-02-07,https://lunetaartfair.com/register/,,"art, art fair, philippines, culture"
event,Lok Virsa Folk Festival 2026,pakistan,Islamabad,National Heritage & Culture Division,2026-11,,https://www.heritage.pakistan.gov.pk/index,,"folk arts, handicrafts, pakistan, festival, culture"
event,"Exhibition Opening – Artists’ Rooms: Lulua Alyahya, Shezad Dawood, Walid Siti",uae,Dubai,Jameel Arts Centre,2026-09-19,2026-09-19,https://jameelartscentre.org/whats-on/exhibition-opening-artists-rooms-lulua-alyahya-shezad-dawood-walid-siti/,https://jameelartscentre.org/wp-content/uploads/2026/09/AR2026_Webiste_Banner-560x400.png,"art event, uae, culture, jameel arts centre"
event,"Workshop—Anywhere, Everywhere with Suha Hassan",uae,Dubai,Jameel Arts Centre,2026-10-04,2026-10-04,https://jameelartscentre.org/whats-on/workshop-anywhere-everywhere-with-suha-hassan/,https://jameelartscentre.org/wp-content/uploads/2026/09/Installation-view-Global-Positioning-System-at-Jameel-Arts-Centre-2026.-Image-courtesy-of-Art-Jameel.-Photography-by-Danko-Stjepanovic.-37-Large-aspect-ratio-1280-665-560x400.jpeg,"workshop, uae, culture, jameel arts centre"
event,"Symposium – Anywhere, Everywhere",uae,Dubai,Jameel Arts Centre,2026-10-03,2026-10-03,https://jameelartscentre.org/whats-on/symposium-anywhere-everywhere/,https://jameelartscentre.org/wp-content/uploads/2026/09/5-1-560x400.jpg,"art event, uae, culture, jameel arts centre"
event,Artist-Led Masterclass with Richi Bhatia: Studio Tour and Assemblage Making,uae,Dubai,Jameel Arts Centre,2026-09-26,2026-09-27,https://jameelartscentre.org/whats-on/artist-led-masterclass-with-richi-bhatia-studio-tour-and-assemblage-making/,https://jameelartscentre.org/wp-content/uploads/2026/08/GalleryIsabelle-RichiBhatia-100625-212-560x400.jpg,"workshop, uae, culture, jameel arts centre"
event,Tour – Library Circles: Rend Beiruti,uae,Dubai,Jameel Arts Centre,2026-09-19,2026-09-19,https://jameelartscentre.org/whats-on/tour-library-circles-rend-beiruti/,https://jameelartscentre.org/wp-content/uploads/2026/08/Banner-01-560x400.jpg,"art event, uae, culture, jameel arts centre"
event,Children’s Workshop: Mapping Impressions with Rashid Almehiri,uae,Dubai,Jameel Arts Centre,2026-09-20,2026-09-20,https://jameelartscentre.org/whats-on/childrens-workshop-mapping-impressions-with-rashid-almehiri/,https://jameelartscentre.org/wp-content/uploads/2026/08/DSC06782-560x400.jpg,"workshop, uae, culture, jameel arts centre"
event,Family Sundays at the Jameel: Games. Paths. Stories,uae,Dubai,Jameel Arts Centre,2026-09-27,2026-09-27,https://jameelartscentre.org/whats-on/family-sundays-at-the-jameel-games-paths-stories/,https://jameelartscentre.org/wp-content/uploads/2026/07/DSCF2006_7MB-560x400.jpg,"art event, uae, culture, jameel arts centre"
event,Artist Talk—Panos Aprahamian: The Karantina Trilogy,uae,Dubai,Jameel Arts Centre,2026-07-10,2026-07-10,https://jameelartscentre.org/whats-on/artist-talk-panos-aprahamian-the-karantina-trilogy/,https://jameelartscentre.org/wp-content/uploads/2026/07/fig-2-560x400.jpg,"art event, uae, culture, jameel arts centre"
event,"Film – Panos Aprahamian, The Karantina Trilogy",uae,Dubai,Jameel Arts Centre,2026-07-01,2026-09-18,https://jameelartscentre.org/whats-on/film-panos-aprahamian-the-karantina-trilogy/,https://jameelartscentre.org/wp-content/uploads/2026/06/MSBTDW_STILL_1.47.1-1-560x400.jpg,"art event, uae, culture, jameel arts centre"
event,Jameel’s Summer Cinema: in collaboration with The Culturist Film Club,uae,Dubai,Jameel Arts Centre,2026-06-20,2026-08-15,https://jameelartscentre.org/whats-on/jameels-summer-cinema-in-collaboration-with-the-culturist-film-club-2/,https://jameelartscentre.org/wp-content/uploads/2026/05/005-560x400.jpg,"art event, uae, culture, jameel arts centre"
event,Jameel’s Summer Cinema: Memory of Princess Mumbi,uae,Dubai,Jameel Arts Centre,2026-06-20,2026-06-20,https://jameelartscentre.org/whats-on/jameels-summer-cinema-memories-of-princess-mumbi/,https://jameelartscentre.org/wp-content/uploads/2026/05/001-560x400.jpg,"art event, uae, culture, jameel arts centre"
event,Jameel’s Summer Cinema: John Lilly and the Earth Coincidence Control Office,uae,Dubai,Jameel Arts Centre,2026-07-04,2026-07-04,https://jameelartscentre.org/whats-on/jameels-summer-cinema-john-lilly-and-the-earth-coincidence-control-office/,https://jameelartscentre.org/wp-content/uploads/2026/05/Lilly-Listening-4-Jpeg-560x400.jpg,"art event, uae, culture, jameel arts centre"
event,Jameel’s Summer Cinema: Afterlives,uae,Dubai,Jameel Arts Centre,2026-07-18,2026-07-18,https://jameelartscentre.org/whats-on/jameels-summer-cinema-afterlives/,https://jameelartscentre.org/wp-content/uploads/2026/05/After-Lives-Still-2025-07-25-142444_1.1.3-560x400.jpeg,"art event, uae, culture, jameel arts centre"
event,Library Circles: Haneena P. A. – Sufrah Salon,uae,Dubai,Jameel Arts Centre,2026-06-27,2026-06-27,https://jameelartscentre.org/whats-on/library-circles-haneena-p-a-sufrah-salon/,https://jameelartscentre.org/wp-content/uploads/2026/06/LC-Haneena-PA-Programme-2-Banner-560x400.png,"art event, uae, culture, jameel arts centre"
event,Performance—Respiriting: The Water Diviners,uae,Dubai,Jameel Arts Centre,2026-06-14,2026-06-14,https://jameelartscentre.org/whats-on/performance-respiriting-the-water-diviners/,https://jameelartscentre.org/wp-content/uploads/2026/06/14-Video-still_candle-walk_01_2025-aspect-ratio-1743-856-560x400.jpg,"art event, uae, culture, jameel arts centre"
event,Post Occupancy Architecture Workshop—Interspecies Futures,uae,Dubai,Jameel Arts Centre,2026-07-06,2026-07-17,https://jameelartscentre.org/whats-on/iaac-global-summer-school-tarabot-interspecies-futures/,https://jameelartscentre.org/wp-content/uploads/2026/05/CompressedWhatsOnHeader-560x400.jpg,"workshop, uae, culture, jameel arts centre"
event,Jameel’s Summer Cinema: The Blazing Sun,uae,Dubai,Jameel Arts Centre,2026-08-15,2026-08-15,https://jameelartscentre.org/whats-on/jameels-summer-cinema-the-blazing-sun/,https://jameelartscentre.org/wp-content/uploads/2026/05/Screenshot-2026-05-14-at-6.06.00-PM-560x400.jpg,"art event, uae, culture, jameel arts centre"
event,Jameel’s Summer Cinema: Do You Love Me?,uae,Dubai,Jameel Arts Centre,2026-08-01,2026-08-01,https://jameelartscentre.org/whats-on/jameels-summer-cinema-do-you-love-me/,https://jameelartscentre.org/wp-content/uploads/2026/05/Do-You-Love-Me-560x400.jpeg,"art event, uae, culture, jameel arts centre"
event,Family Workshop: Weaving and Macrame by Maggie Kabariti,uae,Dubai,Jameel Arts Centre,2026-08-02,2026-08-02,https://jameelartscentre.org/whats-on/workshop-weaving-and-macrame-workshop-by-maggie-kabariti/,https://jameelartscentre.org/wp-content/uploads/2026/05/woman-knitting-carpet-with-eastern-ornaments-1-560x400.jpg,"workshop, uae, culture, jameel arts centre"
event,Family Sundays at the Jameel: Like a River Flows by Farah Fawzi Ali,uae,Dubai,Jameel Arts Centre,2026-06-28,2026-06-28,https://jameelartscentre.org/whats-on/family-sundays-at-the-jameel-like-a-river-flows-by-farah-fawzi-ali/,https://jameelartscentre.org/wp-content/uploads/2026/05/DSC00242-560x400.jpg,"art event, uae, culture, jameel arts centre"
event,Children’s Workshop: From Story to Trace… From Trace to Story by Nagham Hammoush and Life in Arabic,uae,Dubai,Jameel Arts Centre,2026-06-21,2026-06-21,https://jameelartscentre.org/whats-on/workshop-from-story-to-trace-from-trace-to-story-by-nagham-hammoush-in-collaboration-with-life-in-arabic/,https://jameelartscentre.org/wp-content/uploads/2026/05/Screenshot-2026-05-19-at-9.47.39-AM-2-aspect-ratio-920-648-560x400.jpg,"workshop, uae, culture, jameel arts centre"
event,"Reading Group: Reading the Street – Voice, Aesthetics, and Meaning Across Regions",uae,Dubai,Jameel Arts Centre,2026-06-13,2026-06-27,https://jameelartscentre.org/whats-on/reading-group-reading-the-street-voice-aesthetics-and-meaning-across-regions/,https://jameelartscentre.org/wp-content/uploads/2026/05/Reading-the-STREET-Banners-04-560x400.jpg,"art event, uae, culture, jameel arts centre"
event,Reading Group: Reading the Street – Session 2: The Street as a Shared Terrain,uae,Dubai,Jameel Arts Centre,2026-06-20,2026-06-20,https://jameelartscentre.org/whats-on/reading-group-reading-the-street-session-2-the-street-as-a-shared-terrain/,https://jameelartscentre.org/wp-content/uploads/2026/05/Reading-the-STREET-Banners-03-560x400.jpg,"art event, uae, culture, jameel arts centre"
event,"Reading Group: Reading the Street – Session 3: Surface, Statecraft and Controlled Visibility",uae,Dubai,Jameel Arts Centre,2026-06-27,2026-06-27,https://jameelartscentre.org/whats-on/reading-group-reading-the-street-session-3-surface-statecraft-and-controlled-visibility/,https://jameelartscentre.org/wp-content/uploads/2026/05/Reading-the-STREET-Banners-01-560x400.jpg,"art event, uae, culture, jameel arts centre"
event,Reading Group: Reading the Street – Session 1: Institutionalising the Street,uae,Dubai,Jameel Arts Centre,2026-06-13,2026-06-13,https://jameelartscentre.org/whats-on/reading-group-reading-the-street-session-1-institutionalising-the-street/,https://jameelartscentre.org/wp-content/uploads/2026/05/Reading-the-STREET-Banners-02-560x400.jpg,"art event, uae, culture, jameel arts centre"
event,Family Sundays at the Jameel: Summer.Set.Go!,uae,Dubai,Jameel Arts Centre,2026-07-26,2026-07-26,https://jameelartscentre.org/whats-on/family-sundays-at-the-jameel-summer-set-go/,https://jameelartscentre.org/wp-content/uploads/2026/05/DSC01850-560x400.jpg,"art event, uae, culture, jameel arts centre"
event,Summer Arts Camp: Make.Act.Play,uae,Dubai,Jameel Arts Centre,2026-07-06,2026-07-17,https://jameelartscentre.org/whats-on/summer-arts-camp-make-act-play/,https://jameelartscentre.org/wp-content/uploads/2026/05/Summer_Camp-26-05-560x400.jpg,"art event, uae, culture, jameel arts centre"
event,Artist Led Session: Book Binding with Majd Ismail,uae,Dubai,Jameel Arts Centre,2026-06-14,2026-06-14,https://jameelartscentre.org/whats-on/artist-led-session-book-binding-with-majd-ismail/,https://jameelartscentre.org/wp-content/uploads/2026/04/Ramadan-Nights-2024-at-Jameel-Arts-Centre-Dubai.-Courtesy-of-Art-Jameel.-Photography-by-Kristina-Sergeeva-of-Seeing-Things-15-aspect-ratio-986-901-560x400.jpg,"art event, uae, culture, jameel arts centre"
event,Youth Takeover 2026 | Community Assembly: Sound & Music,uae,Dubai,Jameel Arts Centre,2026-06-06,2026-06-06,https://jameelartscentre.org/whats-on/youth-takeover-2026-community-assembly-sound-music/,https://jameelartscentre.org/wp-content/uploads/2026/04/Not-The-Season_Programming_Community-Assembly-03-560x400.png,"art event, uae, culture, jameel arts centre"
event,Tour & Workshop: The Space between Structures — Assembly-led tour of the Youth Takeover 2026: Not the Season,uae,Dubai,Jameel Arts Centre,2026-06-05,2026-06-05,https://jameelartscentre.org/whats-on/tour-workshop-the-space-between-structures-assembly-led-tour-of-the-youth-takeover-2026-not-the-season/,https://jameelartscentre.org/wp-content/uploads/2026/04/Not-The-Season_-Tour-Banner-3-560x400.png,"workshop, uae, culture, jameel arts centre"
event,"Performance: Strings/∅ – an ambient listening experience, by Lucio Avancena",uae,Dubai,Jameel Arts Centre,2026-06-06,2026-06-06,https://jameelartscentre.org/whats-on/performance-strings-%e2%88%85-an-ambient-listening-experience-by-lucio-avancena/,https://jameelartscentre.org/wp-content/uploads/2026/04/Lucio-Poster-560x400.jpg,"art event, uae, culture, jameel arts centre"
event,"Workshop: Mind to Map – Translating Thought into Form, by Meera Abdulrahim Salem",uae,Dubai,Jameel Arts Centre,2026-06-06,2026-06-06,https://jameelartscentre.org/whats-on/workshop-mind-to-map-translating-thought-into-form-by-meera-abdulrahim-salem/,https://jameelartscentre.org/wp-content/uploads/2026/04/Mind-to-Map-Workshop-Banner-560x400.jpg,"workshop, uae, culture, jameel arts centre"
